"Y","D","X1","X2","X3","X4"
0.896836253596512,0,-0.560475646552213,1.00420127514867,0,-0.50274023739621
-1.60988894821959,0,-0.23017748948328,0.960044956233806,1,0.97892635082826
-1.69922390288029,0,1.55870831414912,1.98201975942334,0,0.434243804775178
1.39754050796203,1,0.070508391424576,1.86782486714327,1,0.303456576541066
0.659874505196856,0,0.129287735160946,-0.549342774750432,0,-0.518887585494667
1.81657378867112,1,1.71506498688328,3.04057345571938,0,-0.826414490584284
0.884804977612847,0,0.460916205989202,2.24972573598519,1,-0.406647439114749
-0.203921322258912,1,-1.26506123460653,4.41620737314833,0,0.0841376036405563
-0.314533713152752,1,-0.686852851893526,2.6851982380511,0,0.561296625994146
1.03113910058903,0,-0.445661970099958,1.55304069103801,1,-0.456316934898496
-1.06120318918033,0,1.22408179743946,4.7973911469581,0,-0.365655879955739
0.646265519315103,1,0.359813827057364,4.83222602391551,1,0.895309361629188
1.70284098606308,1,0.400771450594052,0.781288183709821,0,-0.0194882922805846
1.37063607494415,1,0.11068271594512,2.46903195595542,0,0.945918248035014
-3.13320838145418,0,-0.555841134754075,1.78875308136785,0,0.691800873260945
3.12063835645311,1,1.78691313680308,2.18705114655401,1,0.959341964218765
2.50189431925558,1,0.497850478229239,2.22754272856881,1,-0.772020670585334
-0.375493248643235,0,-1.96661715662964,0.738099537130948,1,-0.372036974411458
-0.746124543467466,0,0.701355901563686,2.28558958024256,0,0.88935346249491
0.738138514074361,1,-0.472791407727934,3.7492473631418,0,0.283089772798121
-0.519597523397477,1,-1.06782370598685,1.8359099958652,0,0.95884403726086
-0.100329089849148,0,-0.217974914658295,1.83707328930155,1,0.944024015218019
-2.14962918310965,0,-1.02600444830724,3.39857200633747,1,0.461102643515915
0.0829284380081665,0,-0.72889122929114,2.89839624068295,0,-0.216314310673624
-1.14379475640104,0,-0.625039267849257,0.351505181618715,1,0.326924743130803
-1.37099913028533,1,-1.68669331074241,2.22855697326219,1,-0.485535366460681
1.69548853580691,1,0.837787044494525,3.65354723467773,1,-0.380403061863035
-0.378452478703339,1,0.153373117836515,3.41527634991914,1,0.68091276474297
-2.22290056875955,0,-1.13813693701195,2.41995160381423,0,0.376546262763441
0.81457350854361,0,1.25381492106993,2.72122080711289,1,0.549864236731082
4.04464442303432,1,0.426464221476814,0.803064787811316,1,-0.384319935459644
-1.10025330157539,0,-0.295071482992271,2.30013156688137,0,0.283125876449049
3.10554880875944,1,0.895125661045022,1.04555106481218,0,0.226783255115151
0.799108302503641,1,0.878133487533042,1.54198193190306,1,-0.546890825033188
3.26061074996873,1,0.821581081637487,2.9356036837796,0,-0.507681565824896
2.28030087910225,1,0.688640254100091,0.863106888308857,1,0.755516013596207
0.81700310808738,1,0.553917653537589,2.26691825087306,0,0.569539451505989
-0.161911545714193,0,-0.0619117105767217,2.42833203947154,1,-0.948677680455148
-1.37870385952899,0,-0.305962663739917,2.05491196983963,1,0.510666214395314
0.913430883191829,1,-0.380471001012383,3.82218882183542,1,0.795431783422828
1.46112275083413,1,-0.694706978920513,0.97765267142475,0,0.786131811793894
2.28332582862275,1,-0.207917278019599,2.6061302614356,0,-0.761128475423902
-1.57261009944597,0,-1.26539635156826,1.91106943254933,1,0.952544225379825
0.187387367495873,0,2.16895596533851,1.73916775616608,0,0.820104336831719
2.18874716799289,1,1.20796199830499,2.46409123385238,1,-0.482006753794849
0.0419403633368292,0,-1.12310858320335,0.97959940931607,0,0.77792803151533
3.4881898504794,1,-0.402884835299076,0.686549083481595,0,0.666050537955016
0.897203041503867,0,-0.466655353623219,1.50551912451658,0,-0.121429537888616
0.224710768024699,0,0.779965118336318,3.75175714975545,0,-0.846497181802988
-2.36149094272413,0,-0.0833690664718293,2.05576477461252,1,0.732307967729867
0.374553691404248,0,0.253318513994755,2.33143439822789,0,-0.352676616981626
2.19610098580192,1,-0.028546755348703,1.81015336232246,0,-0.535813160706311
-1.46038017525363,0,-0.0428704572913161,2.47049273195383,0,0.65557932574302
-0.19512520612188,0,1.36860228401446,1.04832045698285,0,0.983113207854331
-2.42940897774221,0,-0.225770985659268,3.15791046656864,0,-0.539721986744553
0.170276749362754,0,1.51647060442954,2.58470526024135,1,-0.822371137794107
1.15818946037071,1,-1.54875280423022,1.1935471773083,1,0.270387238357216
-2.07760955957014,0,0.584613749636069,2.05455324581199,0,0.713101885281503
-0.334309996902467,1,0.123854243844614,2.71633161949912,0,-0.632116357330233
1.51513656717298,1,0.215941568743973,2.5577309820546,0,0.0109496987424791
-1.88164440175085,0,0.379639482759882,3.48193401587688,0,-0.288878804538399
1.03351827754432,1,-0.502323453109302,1.38701224510515,0,0.648991768248379
-0.0937279903712023,0,-0.33320738366942,3.11613661549039,0,-0.0325422054156661
0.15383670418074,1,-1.01857538310709,3.03654800994122,0,-0.536174145061523
-0.760086358839984,0,-1.07179122647558,1.83751686809715,1,-0.459673133678734
0.660313353131851,0,0.303528641404258,1.02407330717811,1,0.645987001713365
-0.973809264441069,0,0.448209778629426,0.910854809115484,1,-0.948327492456883
0.531843047926943,0,0.0530042267305041,2.45778695794497,0,-0.188148989342153
2.79948711133585,1,0.922267467879738,1.92887326627911,0,0.192069228272885
1.1642768357526,0,2.05008468562714,3.77910266685145,0,0.0574793051928282
0.567741925922711,1,-0.491031166056535,2.5351379604962,0,0.365141816902906
-2.90732056487271,0,-2.30916887564081,1.6280551248365,1,0.0156258153729141
0.721694886561141,0,1.00573852446226,0.974457751502886,0,0.108743590768427
1.83865237287463,1,-0.709200762582393,1.41759832539475,0,0.682480209507048
1.69349779775356,0,-0.688008616467358,2.34288839289733,1,-0.374979679472744
1.9675590050153,0,1.0255713696967,1.54906535294335,1,-0.928103759419173
0.838461695891631,1,-0.284773007051009,2.51423012023069,1,0.631988121196628
-1.91683473066929,0,-1.22071771225454,1.66566194783022,1,0.557153578847647
0.143308675956816,0,0.18130347974915,1.89444009120552,0,0.718758982606232
1.74294971316622,0,-0.138891362439045,1.26949032719217,1,-0.868561286944896
-0.351764948030961,1,0.00576418589988693,3.9050435849087,0,-0.982387762982398
0.712352072535554,1,0.38528040112633,2.33262173147039,0,0.183361751027405
3.09317487985638,1,-0.370660031792409,2.23063364049945,1,0.739230760838836
4.26693398089162,1,0.644376548518833,0.308137585115933,1,-0.10741622839123
1.2863755636723,1,-0.220486561818751,2.65979189954933,0,-0.92484999075532
0.45274777438332,1,0.331781963915697,0.976376411120288,1,-0.179418833460659
1.67330545145772,1,1.09683901314935,1.1084784256457,0,-0.269567577634007
0.709507234585426,0,0.435181490833803,2.91834117102165,1,-0.0468303388915956
3.72657797606417,1,-0.325931585531227,1.54729935349177,1,-0.732644488569349
2.68303895305397,1,1.14880761845109,0.251627719996819,1,-0.0410874867811799
-1.26566443894975,0,0.993503855962119,3.76990410988935,0,-0.47137461649254
2.69270787362131,1,0.54839695950807,-0.377406925392521,0,-0.0201341169886291
-0.507598987510071,0,0.238731735111441,2.57281152985958,0,0.812122409231961
-0.128463118935602,1,-0.627906076039371,3.01724924908461,0,0.00199468852952123
2.86150075798235,1,1.36065244853001,1.36903213333947,0,0.407013619784266
0.357028398794202,0,-0.600259587147127,2.44428705141155,0,-0.884179944638163
0.375047807277172,0,2.18733299301658,2.43913038838856,0,0.378621835261583
0.679868567778139,0,1.53261062618519,3.04062315291451,1,0.597590551711619
-0.610994962738659,0,-0.235700359100477,2.48409938795252,0,-0.962289934977889
-0.578179222614782,0,-1.02642090030678,1.75511622090748,0,-0.92637085635215
-1.44362398964157,0,-0.710406563699301,2.91599205794021,0,0.155644464306533
0.486131205538947,0,0.25688370915653,2.80062235650977,0,0.580071718897671
1.78942790445146,1,-0.246691878462374,1.06343096586421,0,0.470522066578269
-0.656376521450886,0,-0.347542599397733,0.599212566004269,1,-0.462924561928958
1.7065645848566,1,-0.951618567265016,2.16027753999318,1,0.610732848756015
2.41697237580902,1,-0.0450277248089203,1.72603762522482,0,-0.150134244468063
-0.57127336410151,0,-0.784904469457076,1.0144608874377,1,-0.669569614343345
-1.93731458296951,1,-1.66794193658814,2.08393067951503,1,0.208095138892531
3.24205008438951,1,-0.380226520287762,0.680003473513094,0,0.651520712301135
1.26049985049614,1,0.918996609060766,2.1612263513262,1,0.561901854816824
-0.849338872665396,0,-0.575346962608392,1.37507161245808,1,-0.837046201340854
3.03546361864975,1,0.607964322225033,2.95716427419248,0,-0.858483263291419
-2.0343279849952,1,-1.61788270828916,4.42448914116153,0,0.91792003531009
0.540468429912664,1,-0.0555619655245394,1.08402075631321,0,-0.819414485711604
0.792953641937446,1,0.519407203943462,3.05766417094298,1,-0.575497495476156
-2.00984960737502,0,0.301153362166714,2.82514972776828,0,-0.121592814102769
0.577184688330828,0,0.105676194148943,1.92980577569464,0,0.555742977187037
0.480237041707906,0,-0.640706008305376,1.54635362594299,0,0.702815918717533
-0.996568353967514,0,-0.849704346033582,3.57530770683748,0,0.24944780766964
-0.749832875558432,0,-1.02412879060491,-0.00545781823624703,1,-0.223918179981411
-0.571898239583975,0,0.117646597100126,1.35680520840634,1,-0.712490298319608
0.989242653797597,1,-0.947474614184802,0.563156556342224,1,0.763345608487725
-1.78857911981599,0,-0.490557443700668,3.39531343894608,0,0.747483625076711
-0.18800947243569,0,-0.256092192198247,1.80929656735514,0,-0.322752615902573
1.58859572784976,0,1.84386200523221,1.47532880053033,1,0.0266259270720184
-0.137765980086383,1,-0.651949901695459,5.18404447406633,1,-0.0121291512623429
0.0516948654755742,0,0.235386572284857,1.94996273211237,1,0.586875612847507
-2.61368753255306,0,0.0779608495637108,1.55625068813348,1,0.83683023834601
0.904949081051677,1,-0.961856634130129,2.29986525013614,0,0.172720537520945
-1.0435685132102,0,-0.0713080861235987,0.431575379245031,0,0.646960788406432
1.07371781621314,0,1.44455085842335,2.49030264267207,0,0.614877820014954
0.840425394497268,0,0.451504053079215,1.90383679892003,0,-0.436854031402618
-0.916436456866534,1,0.0412329219929399,2.46852512253015,0,0.0172971985302866
0.605780293083614,0,-0.422496832339625,1.01762936406215,1,-0.409541119355708
0.314543148156282,1,-2.05324722154052,0.977016157852057,1,0.73524753889069
2.00975198401214,1,1.13133721341418,1.30658533672382,0,0.426734781824052
1.79857766348086,1,-1.46064007092482,1.23201042690722,0,-0.275297387503088
2.06942608445657,1,0.739947510877334,3.29904996668359,0,0.994060517754406
1.06178487072363,1,1.90910356921748,3.57914556180809,0,0.40200661867857
1.24518776240204,1,-1.4438931609718,1.84310804696093,1,-0.525042212102562
-0.408502095353099,0,0.701784335374711,1.64106343941532,1,0.294993931427598
2.81946824047175,1,-0.262197489402468,1.67096116957833,1,-0.312095454894006
-0.978315608458642,1,-1.57214415914549,2.06923647785302,0,0.601252236869186
1.43334935508122,1,-1.51466765378175,2.09690423370105,0,-0.349944269750267
-0.0966823149206406,0,-1.60153617357459,2.29003438776557,0,-0.465428333263844
-3.05097458795706,0,-0.530906522170303,1.25332105895374,1,-0.860437753144652
1.57093772110865,1,-1.4617555849959,1.15310361117968,0,0.141034741420299
-0.978144494707373,0,0.687916772975828,3.19707766374608,0,-0.991658316459507
2.72486442961188,1,2.10010894052567,1.45137263889668,0,-0.43819669727236
0.39549690585493,1,-1.28703047603518,2.30304569522545,0,-0.439825602807105
2.5030578908123,1,0.787738847475178,1.94302946619667,0,0.636458672583103
1.00015624361765,0,0.76904224100091,1.04215060784933,0,-0.765331377740949
0.181912817991302,0,0.332202578950118,2.59106190941151,1,-0.475670853629708
0.937587464991094,1,-1.00837660827701,2.17310487349295,1,-0.12153437640518
-1.50379043904797,0,-0.119452606630659,3.39978335621251,0,0.916768927127123
1.08425070500797,1,-0.280395335170247,2.11745958462699,0,-0.364749613683671
1.55366734275869,1,0.56298953322048,1.66845424179915,0,0.57068922650069
-0.464645913810319,0,-0.372438756103829,2.27829491330536,1,-0.736940886825323
1.41956869950969,1,0.976973386685621,0.814408350964661,0,-0.0109370388090611
0.248058370813076,0,-0.374580857767014,1.1641059466064,1,0.0504211373627186
0.774975091577553,1,1.05271146557933,2.51027325113943,0,0.772258254699409
-0.508933739093096,1,-1.04917700666607,1.66687909877605,0,-0.276632232125849
1.04748814461417,1,-1.26015524475811,1.93403905364754,0,-0.0674133966676891
3.4703764843566,1,3.2410399349424,1.88477829057805,0,-0.119844457134604
2.41214456446476,1,-0.416857588160432,1.34948738122547,0,0.426743705291301
2.88079646141598,1,0.298227591540715,-0.0186886590824171,0,-0.897628164384514
1.8334217221103,1,0.636569674033849,2.34883497017659,0,0.402635586913675
-0.378782553352363,0,-0.483780625708744,2.76163950764686,0,0.326952604111284
-0.935451842609291,0,0.516862044313609,0.711283764649875,0,0.327732776291668
-1.80084825570651,0,0.368964527385086,3.48240271845861,1,-0.000192669685930014
-0.0387246977218425,1,-0.215380507641693,2.38515482368723,0,-0.449335202109069
1.27488296458782,1,0.0652930335253153,3.34164029499387,1,-0.253624130506068
0.331587889184393,0,-0.034067253738464,1.04282952875771,0,-0.789008704014122
3.32058381014446,1,2.12845189901618,2.16678128835425,0,-0.490075741894543
2.54303759259538,1,-0.741336096272828,1.89998604106119,0,-0.907353703863919
1.15065022447297,1,-1.09599626707466,2.76850743188178,1,-0.06078394735232
-0.53653937938483,0,0.0377883991710788,1.42414043208731,0,-0.351823108270764
-1.10300726668226,0,0.310480749443137,1.98990232804754,0,-0.580025335308164
2.40592770372501,1,0.436523478910183,0.221340851256055,0,0.505262476857752
1.33974849170245,1,-0.458365332711106,1.2223785571295,0,-0.512248944491148
-1.29430254874732,0,-1.06332613397119,2.12503388366511,1,-0.188923487905413
-0.23353402952135,0,1.26318517608949,1.29367850761178,1,0.406794967129827
-1.76761924626203,0,-0.349650387953555,1.95643051418852,0,-0.771159444004297
0.324674362824034,1,-0.865512862653374,1.53207402607478,1,-0.730487923603505
0.56861153651892,0,-0.236279568941097,2.60693013616149,0,0.968953604344279
1.20148339349437,1,-0.197175894348552,3.16848830874956,0,0.95354554662481
-0.228361187934219,0,1.10992028971364,1.17749858719248,0,0.517326716799289
-2.04471146588276,0,0.0847372921971965,1.69296344140527,0,-0.93988104397431
-0.462037748008023,0,0.754053785184521,3.43976125836974,0,0.948419454973191
1.51273091248855,1,-0.499292017172261,-0.198923254183707,1,0.520540694240481
1.51728244097087,1,0.214445309581601,1.68016220825926,0,0.774884078186005
-1.3889029962782,0,-0.324685911490835,4.06470428414334,1,-0.556093789171427
-0.434729867929987,0,0.0945835281735714,4.19359006906426,0,-0.459051378536969
1.03670446495335,1,-0.895363357977542,2.15659532335015,1,0.214510049670935
-1.1743194985106,0,-1.31080153332797,1.13639104938636,0,-0.319602825213224
2.72180794505805,0,1.99721338474797,2.16545741949044,0,0.513938582502306
3.18339092819766,1,0.600708823672418,1.34722560405298,1,-0.850325170904398
-1.33146263419805,0,-1.25127136162494,3.45281728229148,1,0.781257847324014
0.605163841742735,1,-0.611165916680421,1.19351734429695,0,0.540987233165652
2.0745161626918,1,-1.18548008459731,2.37291159520875,1,0.765396864619106
1.38080059587849,1,2.19881034888372,2.61985007456869,0,0.895551456604153
2.23539536319786,1,1.31241297643351,1.24248983930415,0,-0.351989888120443
0.0645558157209448,0,-0.265145056696353,2.85152468150618,1,-0.642680563032627
1.48466390556501,1,0.54319405923209,1.25207002908369,0,-0.700299885589629
0.836548253235678,1,-0.41433994791886,2.63023982965398,1,-0.770713043399155
-0.726812795835779,0,-0.476246894615578,3.09666163310355,0,-0.0574432448484004
-0.558297409579307,0,-0.788602837850243,1.01155707761679,0,0.622589755803347
0.721040241967507,1,-0.594617267459511,3.1079950409796,1,0.733484855853021
0.362939560090226,0,1.65090746733669,1.51046712878759,1,-0.870601741597056
1.53557914672931,1,-0.0540281250854405,2.29435338843697,0,0.463912964332849
1.86580004394108,1,0.119245236427584,2.20183747228877,0,0.945345348212868
3.14426444665405,1,0.243687429599092,1.5728036136618,1,-0.377765604760498
-0.483425201097053,0,1.23247587848534,2.26810286999778,0,0.432770001236349
2.82775681343832,1,-0.51606383094478,0.769569074576163,0,0.190403738524765
-2.52062887038341,0,-0.992507150392037,1.86386312781504,0,-0.913635529577732
1.5450246468086,1,1.67569693240319,2.82579083166517,1,-0.101726259570569
0.478753936812693,1,-0.441163216905286,-0.174124649229314,0,0.277349648531526
1.79428643298123,1,-0.723065969939874,0.512073812641745,0,0.601350192911923
1.75130608856088,1,-1.23627311888329,0.838062442403028,1,0.0837684883736074
-0.13165637150066,1,-1.2847157223178,0.41091030585457,0,0.763639324344695
1.03500282071889,1,-0.573973479297987,2.41958303929636,0,-0.986428649164736
-0.906994860699753,0,0.617985817166529,1.00707165024399,0,-0.106350380461663
1.09813105015777,0,1.10984813892972,-0.164547085328973,0,-0.0333881326951087
0.390150967029988,1,0.707588353835588,1.36243123491955,0,0.586540112737566
0.200079242717691,0,-0.363657297095253,1.60936474852519,0,-0.442971416283399
1.1284313941905,1,0.0597499373846007,2.85678547377811,0,0.181100603658706
0.542884715218147,1,-0.70459646368007,0.896247864001171,1,-0.62508097756654
0.610082030478536,1,-0.71721816157401,3.1612892557387,0,0.614563497249037
1.65714940966084,1,0.88465049897692,2.3983627156286,1,0.188674822449684
-1.58096331069162,0,-1.01559257860354,2.36235215763554,0,-0.455319753382355
-0.863944407725332,0,1.95529396549246,1.1474743296855,0,0.605169706046581
0.18352968307865,1,-0.0903195939658516,3.95366787989804,0,0.209813308436424
-0.616776959878256,0,0.214538826629216,1.83572916790284,0,0.915833927225322
0.294953215601577,1,-0.738527704739573,0.175102415821667,1,-0.642781450878829
-0.323676018281142,0,-0.57438868976327,1.7961435286075,1,-0.991524283774197
2.69494154112598,1,-1.31701613230524,0.0655559292679493,0,-0.256477911490947
0.183777540895558,0,-0.182925388372727,1.68948988421333,0,0.54288834752515
-1.06237365410602,0,0.418982404924464,1.57777299681038,0,0.146255727857351
-1.29926295217558,0,0.32430434416138,2.68182969040341,0,-0.659081050660461
-1.75930935372894,0,-0.781536487054751,3.00949618573749,0,-0.821209137327969
-0.17058608056975,0,-0.788621970854002,1.27389503509885,0,0.752453869208694
-0.932451556935327,0,-0.502198718342861,2.80610886837503,1,-0.708804968278855
0.775676899230315,1,1.49606066984635,3.42432310966876,0,0.270553328096867
-2.44539321946455,0,-1.13730362066574,1.21585599515735,0,-0.10752460360527
2.2654926757383,1,-0.179051594380198,1.34759563350067,1,0.851530085783452
1.11198395151848,1,1.90236182167893,2.65077836315368,0,0.223799576051533
-0.00838976120979634,0,-0.100974885328808,2.18304796994394,1,-0.861862165853381
-1.37148192446259,0,-1.35984070382139,2.54877496044428,0,0.0336165819317102
1.56798100894182,1,-0.664769435274062,3.40468429454756,1,0.37913959287107
0.820776554629209,0,0.485459978904878,2.3870831195764,1,-0.0301892831921577
-0.326606206385107,1,-0.375602871669773,3.05170127017537,1,0.232127842959017
1.95449383706843,1,-0.561876363549783,2.62290546233719,0,-0.0417484398931265
-0.214229655085957,0,-0.343917234128459,2.43362038980885,0,0.705297926440835
-0.77803189754664,0,0.0904966471392212,2.38608443818441,1,-0.464683074504137
-0.207891661334882,0,1.59850877114583,3.29132330445808,0,-0.182816116139293
0.34479379174539,0,-0.088565112138884,0.997740126289345,1,0.599233748391271
1.13245537717709,0,1.08079949615152,0.894817270842506,1,0.747383346781135
-2.17625007050841,0,0.630754115650567,2.59194600339721,0,0.0777908177115023
1.03794393259415,0,-0.113639895506141,1.88031033586689,1,-0.343651967123151
-2.79654804831473,0,-1.5329020028906,2.07400521168496,0,0.156578281894326
-3.16410599119658,0,-0.52111731755252,2.7412773771714,0,-0.332249537110329
-0.116684355273648,0,-0.489870453138474,2.75329504784908,0,-0.683008727617562
-0.00921388706391557,1,0.0471544327615272,1.73732949663822,0,0.0202475897967815
0.119719365499875,0,1.30019867766682,1.6874561310029,1,-0.927053875755519
-0.822068991298232,0,2.29307897383109,2.07359860900787,0,-0.715043944306672
-1.73969911664423,0,1.54758105898377,3.06301778929474,1,-0.656145276501775
-1.03649562421867,0,-0.133150964328944,2.426020486679,1,-0.35202102502808
-1.26105392652684,0,-1.75652739555764,3.43300751082319,0,-0.292854397092015
-0.476199490792194,0,-0.388779864071743,1.99236312958003,0,0.733002620749176
0.664429513651236,1,0.0892072230732945,3.12566760522075,1,-0.287121363449842
-0.458151238342279,0,0.845013004067436,2.88300231101725,0,0.901430529542267
1.79894379847461,1,0.962527968484271,2.61208346090007,1,-0.0351549042388797
-0.405779985886753,0,0.684309429416465,2.41470070677846,0,0.734830051660538
0.340289249049817,1,-1.39527434979947,1.72011760285748,0,-0.364752779714763
0.21848267817779,0,0.849643045633355,1.89096249083077,0,-0.32906503463164
0.0252002320824261,1,-0.446557216427222,2.22939549570847,0,-0.67719456134364
0.0502520786514066,0,0.174802700161256,2.04888889067929,1,0.249879051931202
-1.18509945640816,0,0.0745511771737346,2.94322446838622,0,-0.633181687444448
-0.688720072587053,0,0.428166764970505,1.89068287681357,0,0.0784565107896924
2.13925466152322,1,0.0246749828261399,1.92962307841217,0,-0.607658214401454
-1.51601364454127,0,-1.66747509758566,1.51568091243434,1,-0.791979591362178
1.02439862941214,1,0.736495964773442,1.86166367145667,1,-0.339471226558089
0.410604635353752,1,0.386026568349676,1.93123435769616,0,0.203136326279491
0.830327662895401,0,-0.265651625278222,-0.313735773899415,1,0.380817804485559
-0.464765612651412,1,0.118144511046681,0.635168302785683,0,-0.590227082837373
-0.728150177893205,0,0.134038645368463,1.92751309004804,1,-0.169949043542147
-0.228448745614493,0,0.221019468561002,1.7347162251355,0,-0.711139277555048
-0.594276526700932,0,1.64084616597749,0.799130671792564,1,-0.584884829819202
-0.105100777930099,0,-0.219050378933476,0.00846182395698114,0,0.53185800043866
0.260583476850593,0,0.168065383884658,1.64563078008657,0,-0.0367456558160484
-0.0362853804836476,1,1.16838387306909,2.65349576569428,0,-0.521012448705733
-1.49209503674619,0,1.05418102337692,3.77323863192756,0,0.592802641447634
3.74643103728681,1,1.14526311038036,1.96154320629066,0,-0.11453802511096
0.00868612580917627,1,-0.577468001059557,3.49318484062772,0,-0.660100362729281
1.61024025792681,1,2.00248273029283,2.08302215763597,1,-0.669802226126194
-1.45902775756296,0,0.066700870930183,2.11553210425956,0,0.937299048528075
-0.198341071231098,0,1.86685184470686,2.32482531334875,0,0.0446139252744615
1.17164171681608,1,-1.35090268603071,1.12942275473908,0,0.0450665457174182
0.722339990130172,1,0.0209835863542375,1.94828178710512,0,0.377525620162487
1.95414257501448,1,1.24991457096922,2.90844769879225,0,0.576160376891494
2.16924938971972,1,-0.715242187222796,1.25027421314781,1,0.384715960361063
-0.343681150922367,0,-0.752688968217742,1.67839393011204,1,0.758860430680215
0.22488757462974,0,-0.938538703606894,0.852229249540746,1,-0.717740749474615
-1.83344463379273,0,-1.05251327933874,2.35435219644935,1,-0.469509456772357
-0.868761094370917,0,-0.437159533180399,2.42479978238902,1,0.791623519267887
0.235373972613623,0,0.331179172958982,2.64834735122408,1,-0.292179086245596
-0.986204356270501,0,-2.01421049792072,0.780189968483098,1,0.864555413834751
-0.313485259898896,0,0.211980433372292,2.10723503475476,0,-0.345750415697694
0.552415510423326,0,1.23667504641657,1.05594230835015,1,0.290784891694784
0.601819254404589,0,2.03757401824044,1.99961535128398,0,0.0426857238635421
-0.376872108273354,0,1.30117599220059,3.34262392000608,0,0.1251330813393
-0.969946030232652,0,0.756774763795962,1.49647471306572,1,-0.00237417640164495
0.495629135233666,1,-1.72673039911433,2.71668332093883,0,0.061649234034121
0.868780498872438,1,-0.601506708006782,1.2503314159163,0,-0.233725934755057
2.80331409664532,1,-0.352046456582617,1.52147178954969,0,0.203242651186883
1.29055525658959,1,0.703523902756894,2.43872175058662,1,-0.473638514988124
-0.296950589792666,0,-0.105671334003774,1.32088772954213,0,0.293397988658398
-0.491696187582636,1,-1.25864862806017,0.297035164854565,1,0.332111242692918
1.40378856278186,1,1.68443570809411,3.26516843521333,1,0.108829782810062
-1.08086417434871,0,0.911391291795963,2.36035723787985,0,-0.38357677590102
2.92551051148063,1,0.237430272491026,1.41636055943991,0,0.486774252727628
2.45619199042689,1,1.21810861032581,0.00592121266939927,0,0.694099538959563
-1.49509380038077,0,-1.33877428723497,3.9022097713993,1,-0.262954589910805
1.01359581456247,1,0.6608202977898,5.39037082127154,0,-0.117513007484376
0.545188210371994,1,-0.522912376313422,2.20748040735546,0,0.741247644182295
1.78764590835605,1,0.683745521850712,2.84980664751119,0,-0.182304715272039
0.508844969567532,0,-0.0608219546600742,3.22456031207416,0,-0.0300594172440469
2.54401439653411,1,0.632960713031451,1.29819556646139,0,0.00742381531745195
0.887517734599706,0,1.33551761505939,1.64880377044346,0,-0.920859327539802
-0.912741469599889,0,0.00729009031689879,0.272878963354804,0,-0.209431729279459
0.308800327434413,0,1.01755863695209,1.26342176772813,0,-0.0794336758553982
1.11240648427551,1,-1.18843403514798,2.62240978288611,1,0.113858113996685
-1.52868905353732,0,-0.721604440436015,1.70928401075913,0,0.345139706041664
0.341292864284945,0,1.51921771138818,1.78578846581692,0,0.364558517467231
1.5959899423621,0,0.377387973023929,1.88744044849748,0,0.781314754392952
-2.04154454742961,0,-2.05222282043373,0.136333017504395,0,0.332074169069529
1.21963994489712,1,-1.36403745208238,2.83762993423167,1,0.0480119730345905
0.658836229133799,1,-0.200781015589121,0.556507111064579,0,-0.377943834289908
0.24745752017238,0,0.865779404334488,1.79142983758435,0,-0.94762871041894
-1.56119736498092,0,-0.101883255715222,1.56143653794117,0,-0.739916922990233
0.368023032753119,0,0.624187472020653,1.7814061831438,0,0.00385516975075006
0.373073006674425,1,0.959005377787825,3.45996594473579,1,0.021847712341696
0.430623054513197,0,1.67105482886294,1.41794008208463,0,-0.76955444784835
1.00425390412539,0,0.0560167332749619,1.2169024042881,0,-0.487732382491231
-0.392568842056737,0,-0.051981906180899,0.480346005056155,0,-0.67098790500313
-1.3413068492914,0,-1.75323735914227,1.19430191838875,0,-0.441207365132868
3.20370952104399,1,0.0993275940878275,0.833815292632262,0,-0.69493259023875
3.22798766533922,1,-0.571850057895563,2.4079461962483,1,-0.142183973453939
1.65500159510699,0,-0.974009582804091,1.13699575399212,0,-0.575841158162802
-1.17479105046263,0,-0.17990623104754,2.30404203502814,0,-0.844008741900325
-1.10373675793282,0,1.01494317274366,1.85357251215208,0,0.744515678379685
1.48484875204645,1,-1.99274848868858,0.566437820089196,0,-0.571645002346486
-0.140861863629069,0,-0.427279287205429,1.2093922142773,0,-0.594325080979615
2.67799313964069,1,0.116637283582706,2.88511245505768,1,-0.366892247926444
1.03268675686985,1,-0.893207570054953,2.90307608595457,1,-0.339383947197348
-0.873901151591617,0,0.333902942499225,4.00557327430063,0,0.538459053728729
3.32054768726096,1,0.411429920615731,1.99641969160022,1,0.14612262416631
1.99422073453161,1,-0.0330361592759917,0.50417318601786,0,-0.675763844512403
1.27981113816887,1,-2.46589819376003,1.23158297298484,1,0.626737911254168
1.24770006647986,0,2.57145814586664,2.40848850484015,1,0.843935834709555
0.882837550406029,1,-0.205299257468199,3.90013633489472,1,-0.495039419271052
1.15778274053164,1,0.65119328158767,2.11000912343972,0,0.502865522168577
0.857219354457317,1,0.273766491036548,3.14038682512847,0,-0.591322893276811
-0.266614742121511,1,1.02467323481835,2.76808130469226,0,0.658486648928374
3.43771222632119,1,0.817659446374088,0.831908377882667,0,-0.395971257705241
-2.04867361914284,0,-0.209793171228509,1.82888734773514,1,0.533217198215425
-1.19319505810978,0,0.378167772208507,3.30526153634768,1,-0.758689989335835
-1.50586429417047,0,-0.945408831123893,2.87609610959591,1,0.689302756916732
0.894851019667176,0,0.856923010899318,2.4637961415678,0,0.642444666009396
-0.71580273880707,0,-0.461038338884354,2.47711424537688,1,0.707779614720494
3.70003355633368,1,2.41677335378821,1.5085946997906,0,-0.970887375529855
-1.3239407033334,0,-1.65104889568819,0.680614686655798,0,-0.924147835467011
0.450747089707706,0,-0.463987242966015,3.29542579083131,0,-0.402286923490465
2.92575359723658,1,0.825379862759242,0.579780508333071,1,-0.34661899227649
0.684029266719164,0,0.510132546878663,1.06110408029417,1,-0.85045487433672
-0.0058990330444163,0,-0.589481038515,2.62896499251984,1,0.416164388880134
-0.201964259015828,1,-0.996780742207522,0.737805450610399,0,-0.949627233203501
1.62727496393623,1,0.144475704710697,1.44812958672721,0,0.648120930418372
0.162110393994915,0,-0.0143074131669134,0.817200493217522,1,0.0228628003969789
-2.2480689342875,0,-1.79028123726406,2.62066355772895,1,0.533415330108255
-0.704447851459407,0,0.034551067133851,2.4463130166381,0,0.876009001862258
0.647209419015751,1,0.190230315692457,2.42188469327369,0,0.0839220052585006
-0.425628803473155,0,0.174726396981842,2.44246477214564,0,0.89787553390488
-3.07951046843691,0,-1.05501704260268,2.55724574637894,0,-0.366110666189343
1.73066928023366,1,0.476133278302629,2.63935649197052,0,-0.426412724424154
0.043610041953276,0,1.37857013695924,0.0313384433257782,0,0.936761249788105
2.81210300740977,1,0.456236403179813,1.85118363864013,1,-0.514169491827488
-1.17464387710598,1,-1.13558847037434,2.1124638125519,0,0.599469203036278
-0.992712286334428,0,-0.435645469691905,2.72467620264776,0,-0.409579186234623
-0.0916120098840716,0,0.346103619553607,0.812513923994715,1,0.393571204505861
2.36688085441404,1,-0.647045631318269,1.50039981018409,1,0.522364222444594
-2.7367413790951,0,-2.15764633501528,0.926357009248842,1,-0.452539407182485
0.976222331136233,1,0.884250820028209,3.05724021270968,0,-0.989583779592067
-0.486599063413178,0,-0.829477611624518,3.27907258320933,1,-0.155800124630332
-0.510209530393412,0,-0.573560270768283,2.78767672535923,0,0.195633837487549
0.875005426874286,0,1.50390060900454,0.777596617423009,0,-0.115665255580097
-0.83408779255482,0,-0.774144929605405,2.45195211673665,0,-0.314919663593173
0.00918930015275632,1,0.845731540189296,3.15044918638092,1,0.0332927834242582
-0.229661536451788,0,-1.26068287881878,2.16794098073646,1,-0.543086319696158
-0.391662338218115,0,-0.354542403073978,1.43389066710403,0,-0.421160027850419
-1.92564962268171,0,-0.0735560191364783,0.91388175938865,1,-0.955156555399299
-0.95818620369624,0,-1.16865142442436,1.33469720443984,1,0.0567330401390791
1.82193912203274,1,-0.634748264908909,2.71484835594934,0,-0.163073496893048
2.21886513812824,1,-0.0288415529283144,1.56833889961807,0,0.94959593238309
-0.964221448017638,0,0.67069596873393,2.22761493994009,0,-0.900863996706903
-0.906165242203792,0,-1.65054654342511,3.2949457956703,0,0.277002449613065
0.854659072519883,1,-0.349754239211268,2.57833494046946,1,-0.0122134243138134
-0.0492396497158489,0,0.756406438545484,3.36467278147354,1,-0.990587493870407
0.769602061951978,0,-0.538809159977592,0.298420197339594,1,-0.629160355776548
0.188424933518778,0,0.227291921672942,1.71932372028621,1,0.268501813523471
0.973891330437396,1,0.492228570064431,2.06506801949219,0,0.0369445802643895
2.18032308699785,1,0.267835015331683,2.57858929160851,0,0.783358614426106
1.7548209119777,0,0.653257679471382,0.83079337847103,1,0.355204328428954
-1.83240622091551,0,-0.12270866097738,2.80618485544729,0,0.0275359805673361
0.918750387169255,1,-0.41367651359212,2.30739007616233,0,-0.385555038228631
1.20294219157849,1,-2.64314895202898,2.26380601360472,1,-0.205221359618008
-1.65100783484996,0,-0.092941018479472,2.50848479160505,0,-0.6934076519683
-2.06932592282009,0,0.430284696359987,1.88364156012301,0,-0.240382104180753
1.09533655557957,1,0.53539884086815,2.92554609849911,1,-0.459291686769575
1.99438166968226,1,-0.555278351313252,2.64822977373149,0,0.890579518862069
0.972966634394425,1,1.77950290977515,1.8497906258323,0,-0.495479196310043
1.18279527341144,1,0.286424419628825,3.0403770193407,1,0.471462882589549
2.53732040189422,1,0.126315858458886,2.29255868494618,1,-0.864634996280074
0.0824354241742491,0,1.27226677946852,2.66875139943946,1,-0.258382012601942
1.78593923616265,1,-0.718466221319259,1.40582235837578,0,-0.564972932916135
0.524681296990887,0,-0.450338623924712,3.58043183698592,1,0.757963441312313
3.70069413478503,1,2.39745248004976,1.99601105565002,1,-0.153358303010464
1.74240241441502,1,0.011129187220888,2.84784276889348,0,-0.357928885612637
2.93780557665578,1,1.63356842140831,1.89988347410731,1,-0.174777774140239
-2.39378095399968,0,-1.43850664491452,1.7203700930194,0,-0.687208027113229
1.90860701883443,1,-0.190516802042901,2.78443824528001,0,0.258253739681095
0.60670356706779,0,0.378423903636832,0.415383355408825,0,0.538793210871518
2.01013016253701,1,0.300038545205798,2.47836614779403,1,0.803599813021719
0.836312302121089,1,-1.00563625951084,2.39356637299481,0,0.220300524495542
0.947180564948889,1,0.0192592746253708,-0.695329369124516,0,0.261372189968824
1.10437022686076,1,-1.07742065311198,2.36837732853326,1,0.324128359090537
3.66183308204389,1,0.712703325244282,-0.168417747347005,0,0.859998899046332
-0.86726672798546,0,1.08477508986065,2.65980437689272,0,0.984492684248835
-1.1771689757061,1,-2.22498769648741,1.54608626661881,1,-0.482967153657228
2.26435564890647,0,1.23569346230014,1.30506317476511,1,-0.418313601985574
0.217253705761279,1,-1.24104449680849,1.99315369682733,0,0.823198325466365
0.355825621648502,0,0.454769268982633,3.37305204498399,0,-0.253385546151549
2.74460171270949,1,0.659902638142608,1.36467692278211,1,0.447092468850315
2.99036019801021,1,-0.199889828101433,2.55810329394878,1,0.679944483097643
-1.06699492350377,0,-0.645113956859792,2.34115786842188,0,-0.766624590847641
1.53607157119051,1,0.16532102124205,0.820481370858443,0,0.689090956002474
3.87397393470912,1,0.438818700714454,0.25897798266603,0,0.312441840302199
4.59595696474557,1,0.883302819948705,0.00741422876085696,0,-0.981438641436398
0.526968124959911,1,-2.05233698390195,2.55127421146789,0,-0.784170017577708
0.762080029953318,1,-1.63637926805902,1.9652579384687,0,-0.145665667951107
0.302379157801962,0,1.43040234118818,3.85057170361062,0,0.656478748656809
-0.921324799332672,0,1.04662884711155,2.57367510826304,0,-0.329465398099273
2.0605618595165,1,0.435288948907682,2.84969589108261,1,-0.410627887584269
0.56766212581433,1,0.71517840711106,3.33438358533495,1,0.813541325274855
-0.288676426202303,0,0.917174917641003,1.49928090203503,0,-0.186652828473598
0.911392756130284,1,-2.66092279846568,2.51009792822849,1,0.135307454038411
-0.8684528429292,0,1.11027709663882,2.86879327024415,1,-0.503202000167221
1.59756131894937,1,-0.484987596562325,3.36935168800303,0,-0.731467977631837
1.78869213110378,1,0.230616830631202,2.76265114632637,0,-0.605884852353483
2.55981948316307,1,-0.295157800883577,2.42114717303733,0,0.060228496324271
2.26211268057547,0,0.871964954078744,1.13177595272878,0,0.911270814482123
-1.56848009033565,0,-0.348472448955611,2.72956036095769,0,-0.160063385032117
1.89981095382201,1,0.518503765888248,2.50026587241829,0,0.678707112092525
2.57304621566432,1,-0.390684978638979,2.63425025370691,0,-0.840602008625865
-0.874441690495878,0,-1.09278720910151,2.42364504557226,1,0.500459601636976
1.61174366731346,1,1.21001051044026,1.79816195529,1,-0.467858985532075
-1.0040610302479,0,0.740900011274274,1.92313410156599,1,0.0586872212588787
3.65636618880307,1,1.72426223915645,2.68736411328152,1,-0.909856944810599
2.18057921989633,0,0.0651539325793032,2.17163150692454,1,0.538472424726933
-0.635766337798729,0,1.12500274582817,1.16989142567301,1,0.821054723579437
0.785294566973339,0,1.97541905401908,1.70984088019433,1,0.491844685748219
-1.71307248588088,0,-0.281482115038967,0.680874275823491,1,-0.805175805464387
-0.901694779262782,0,-1.32295111275522,1.03296809733109,0,0.891180233564228
1.01652767271928,1,-0.239351567138116,1.85538892986448,0,-0.642943760380149
0.020365860666064,0,-0.214041239985383,0.201867443625074,1,0.604697018861771
2.87725738543681,0,0.15168050450932,0.311457525408421,0,0.342536364682019
0.526702450369147,1,1.71230497731928,3.10256519943608,0,-0.163356734905392
1.84202713271721,1,-0.326143892505348,1.42338107578856,0,0.507015876006335
1.97466756347926,0,0.373004655804915,0.148308270448512,0,-0.17014920944348
0.708994395965062,1,-0.227684064895531,1.88713676057102,0,0.188063088804483
-1.80543813906413,0,0.0204507085250325,3.32106926722151,0,-0.360267308074981
-0.593337996881451,0,0.314057663506262,2.66225429693464,0,0.292962442617863
1.23224375846883,0,1.32821469603699,2.44138319835364,0,-0.283946765586734
-1.03758942534356,0,0.121318377490778,3.18374591227984,1,0.743691757321358
0.96208032156748,1,0.712842320031113,1.22849855889911,0,-0.187098006717861
1.64107179927871,1,0.778860029783535,2.72968919135204,0,-0.0883401758037508
-1.98430694794926,0,0.914773270855634,1.41291438422114,0,0.778625252190977
-0.362881652988047,1,-0.574394552184383,2.00076418636251,0,0.30416580894962
0.635563809386264,0,1.62688121419468,4.21446531934013,0,-0.980106980074197
1.5775068860826,1,-0.380956739294013,2.96943439570926,1,0.311117756646127
-1.05729082790401,1,-0.105784167649752,2.76800771371721,0,-0.517224688082933
3.05213976462547,1,1.40405026771417,0.89167208818184,0,0.931097581516951
0.178117376622287,1,1.29408390614558,1.21376408000529,1,-0.105712283402681
-2.27719959212921,0,-1.08999187241124,4.2841164802616,0,0.337262157350779
1.59094540594198,1,-0.873071000417463,0.906699236026689,0,-0.800598437897861
-0.771857928995406,1,-1.35807905937061,2.21447937528507,0,-0.586549232713878
0.690649762451701,0,0.181847192619832,2.89257105963707,1,0.894574383273721
2.59129883220187,1,0.164840867918466,3.01875797234226,1,0.136064138263464
0.58046780935899,1,0.364114687355063,3.08911201091924,0,-0.184974882751703
0.846039463957293,0,0.552157714218558,1.83687101011479,0,0.15959102101624
1.54189936270351,1,-0.601892845985016,1.17901330288,0,-0.735970665235072
1.6454410630145,1,-0.993698591098714,1.69274276701136,0,-0.00406488170847297
0.855026118501285,0,1.0267850560749,1.09790199146054,0,-0.627400018740445
-1.49674773676356,0,0.751061302606323,2.62706874311498,1,-0.519005348905921
-1.71679935998171,1,-1.5091665373287,3.12035502842611,0,0.617007152643055
0.919588273198124,0,-0.0951474508492868,4.12721355249353,0,0.357111520133913
1.0735817036534,1,-0.895947822756499,2.36611438293172,0,0.938378492835909
1.00270113807193,1,-2.07075107054196,1.12521862280631,0,-0.723114693071693
-1.825250911602,0,0.150120131188143,3.02447486299323,1,-0.0988973136991262
2.4215163190722,1,-0.0792117092585882,2.90475889369531,1,-0.0208600866608322
3.46226676996596,1,-0.097369267513081,1.76175130409717,1,0.0852338736876845
3.50330284661071,1,0.216152541801233,0.442145096127686,0,-0.0873333676718175
-0.41078740917764,1,0.882465164396587,2.76130989539391,0,-0.657142866402864
-1.67645256508409,0,0.205597504483387,3.12914439564163,1,0.429680550470948
1.27810602956554,1,-0.616435842873528,1.70489216929407,0,0.812042264267802
-0.431431672082355,0,-0.734799251921281,2.53624281835803,0,-0.419421149417758
-1.12702277070554,0,-0.131802793041181,1.72410952524949,0,0.530109310988337
0.491764617804199,1,0.310016986578952,2.68231524513751,0,0.85912995133549
-0.654867025600723,0,-1.03968035270204,1.88270928528515,1,-0.98015436436981
-1.5313948268527,0,-0.184308868842384,1.65532413607994,0,0.000962673220783472
1.89365178272915,0,0.967267260167914,2.11162049819721,0,-0.481223497074097
-0.194613851022392,1,-0.108280091234486,1.7165946850177,1,-0.0757258706726134
1.7368870229392,1,-0.69842066759439,1.40898283554572,0,-0.185106245800853
-2.43951871157022,0,-0.27594516842554,1.6840630687576,1,0.670623749960214
1.46544700119074,1,1.11464854536198,1.99184784767446,0,-0.732207572553307
1.09711072254914,0,0.550043961214136,2.20749514071847,0,0.739062701817602
2.68037938787449,1,1.23667580008161,3.53242362162584,0,-0.215319098904729
0.67708762976701,1,0.139097857161771,0.642002169046516,1,0.240019395481795
-1.61107477288345,0,0.410275096490425,1.80038094944706,1,-0.74297096580267
0.98942044523246,1,-0.558456912348133,2.63152312778083,0,0.76334882946685
-1.57889757531396,0,0.605370668930333,3.76202090344287,1,0.28063527867198
1.62479903494939,1,-0.506333542189239,2.42601436261549,1,0.0239850077778101
-0.0900952113004495,1,-1.42056550469574,1.9862465835246,1,0.262861231807619
0.146140539751078,1,0.127992965684126,1.69244309040364,1,0.929234050679952
-0.181535608263596,0,1.94585121773144,2.41430816410829,0,0.582625334151089
0.279529160930897,1,0.800914339573062,2.98905792019639,0,0.897997624706477
1.12442615545905,0,1.16525338994626,1.81614168945395,0,0.322923740372062
1.19549385911147,1,0.358855723093152,2.16376140684656,0,-0.0884660230949521
-0.807200196301478,0,-0.608557178316224,2.21693634414438,1,0.889089501928538
0.660687612074432,0,-0.202240855110284,2.72927763420966,1,0.338852130807936
0.787783066903548,0,-0.273248106811925,3.11138040702469,0,-0.300605442840606
1.02895164721455,1,-0.468699779782087,2.27916081693963,0,-0.306578474119306
0.108271044208994,0,0.704167283929716,1.92382932845282,0,-0.968705155421048
1.69201699119113,1,-1.19736350236541,3.39466313220858,0,-0.0974186300300062
-0.190639414071939,0,0.866366132112773,2.16453411760558,1,0.0204708501696587
-1.4849052156323,0,0.864152486225893,3.57785197879348,1,-0.879541473463178
-0.186534016086963,0,-1.19862235906875,1.93807734238045,0,0.484210134483874
-1.98906542993767,0,0.639491997900534,2.61392296419369,0,-0.69373368518427
1.03368677529601,0,2.43022665234451,0.453911405754761,1,-0.311753325629979
0.752954769606954,1,-0.557215481941608,1.88760803866259,0,-0.238592919893563
-0.693753853675395,0,0.844904241408072,1.97820546003911,0,0.838748981710523
-1.31720605173381,1,-0.782201845619403,1.24165458258345,1,0.274286769796163
1.67922333222076,1,1.1107114182028,0.964107115577701,0,0.726382010616362
2.50677749992369,1,0.249824719926562,2.94815930255181,0,-0.174257305916399
-0.517160579400016,0,1.65191539162316,2.91415873392772,0,0.409073096234351
0.441091048977541,1,-1.45897072853692,0.70126800515354,0,-0.605443757493049
-1.21910206428145,0,-0.0512978861253612,2.42437879493434,1,0.0556270587258041
-1.20443828577715,0,-0.526925176125598,0.887454680044914,1,0.799588743597269
-0.237288762842682,0,-0.197264869076299,0.948926773818442,0,-0.418709464836866
-0.479632397735282,0,-0.629578742686005,2.52541244826636,0,-0.388744618743658
0.637591159867028,0,-0.833843580535001,1.31397599990695,0,-0.140447126701474
-2.17477409583602,0,0.57872237461645,2.99347998212221,0,0.773396169766784
-0.759994106077402,0,-1.08758071407693,2.03852359907535,0,0.361057484056801
-0.172063186920793,0,1.48403093155628,2.53614897578572,0,-0.124416263774037
-0.750729264718708,0,-1.18620658531375,1.47637330211384,0,0.666854142677039
-1.03581129224557,0,0.10107915139528,0.848778665056407,1,-0.515989859122783
-0.562419611276139,0,0.532989286826481,2.91475224100276,0,-0.232857472263277
0.668332434939768,1,0.586735339092625,2.23807149156271,1,-0.759467377793044
0.180550272291084,0,-0.30174666386638,1.76093224054529,1,-0.533541428856552
0.672790582969492,1,0.079501995328401,2.06923532654574,1,0.37515069777146
1.54640685169297,1,0.961264151809677,3.32590834259925,0,0.986698969267309
-1.04601564508135,1,-1.45646591707643,1.30183336537993,1,0.664336183108389
1.76091953866599,1,-0.781739711532082,1.25059155553682,1,0.39593041408807
2.8538085706721,1,0.32040231431661,1.38038494729265,0,0.0496836616657674
2.61926926806936,1,-0.444781978336992,0.415008731790133,1,-0.633794171269983
1.09278653804568,0,1.370003993971,2.81962813750374,1,0.964283648412675
0.522973239192653,1,0.673253863354836,2.19236964674425,1,0.648135588970035
1.40463039736861,1,0.0721667524147558,2.20717197421793,1,0.93657439853996
-1.21057544048245,0,-1.50775731753668,1.95665264565231,1,0.0491875009611249
2.28629389378552,1,0.0261002253262418,1.48983955857589,0,0.488157180603594
-0.678964226504188,0,-0.316415868196993,1.17658138622378,0,0.591643473133445
-1.11000909376325,0,-0.102346513520598,2.85185640329267,0,0.00285394163802266
0.915204038460629,0,-1.18155922705569,0.573815327079848,0,0.0413095164112747
2.80817446735394,1,0.498658043829925,2.44029894196541,1,0.409424765501171
-2.43813935459799,0,-1.03895644030703,1.20738834924232,1,-0.0465931207872927
-0.98241484807974,0,-0.22622198144241,2.28231021454547,1,-0.411811931524426
0.820761883984888,1,0.381425829451352,1.25930947780985,0,0.0721988063305616
2.13682964358299,0,-0.783515789013048,1.47665831731597,0,0.178491878788918
0.866351396385624,1,0.582991405680064,3.76936591702701,1,0.320232774131
1.88929979693325,1,-1.31651040165169,2.66828261893351,1,0.91241138940677
0.734853016848316,1,-2.80977467896054,-0.14489702427566,0,-0.458194985520095
1.70339048070763,1,0.464967990785852,2.12641241610032,0,-0.47051362413913
0.651050743395391,0,0.840539826961,1.54818706374278,1,-0.487766086589545
-0.344578353131437,0,-0.285845423591384,0.863373812222331,1,-0.129928717389703
0.422064356226003,0,0.504126254591608,2.20978589043119,0,-0.146597773768008
1.34287585613614,1,-1.15591652508367,2.12996551601936,0,-0.217260477133095
-0.250118277349916,1,-0.127148606825662,1.67149342743192,0,0.136013241950423
-2.71818257080558,0,-1.94151837604062,3.97270356733745,0,-0.253944545984268
0.141844342453633,0,1.18118089143852,-0.248690066816557,0,-0.249042025301605
-0.427614711745728,0,1.85991086154316,2.83821938727849,0,-0.386836397927254
1.08899799649961,0,1.07401226028199,1.71097672953743,0,0.248744692187756
2.87639952799365,1,-0.0273469664137418,2.65651341057938,1,-0.670717792119831
0.597733189766579,1,-0.0333303422759193,1.54600229936132,0,-0.72942327009514
1.36156102286056,1,-1.5160676231511,1.4061354375549,0,-0.83595878072083
1.13853864583267,1,0.790385343888228,0.289620333605374,0,-0.84755788417533
0.800387061448313,1,-0.210734180691776,1.79055157172726,0,0.380074862390757
-1.17352965945954,0,-0.656742925361075,4.47874580135709,1,0.941510430537164
0.40815365211752,1,-1.41202579265831,2.98970220812937,1,0.585061207413673
-1.93300309819395,0,-0.299762496646272,3.67557215582683,0,0.309279229026288
-0.556468704739361,1,-0.849061135016708,2.91496531831404,0,0.38027411326766
-1.25356060923929,0,-0.397030520327837,3.14426270796186,1,-0.308653284795582
-1.42716487246237,0,-1.2175999877636,2.90287641449911,0,0.28810957679525
2.86341082440832,1,1.6875894829457,2.4753924317651,1,-0.220490154344589
0.890940545232587,1,-0.0160025272079689,1.41747122600299,1,-0.751415978651494
2.88410892262414,1,1.07494507727239,1.46706526267652,1,0.567615916021168
-2.38443740708781,0,-2.60169967025765,0.399160003624712,1,0.73616481712088
0.629034377086699,1,-0.453197829994837,1.99418228612001,0,-0.166582710575312
1.24282932131553,1,-0.675482291592071,2.89935567585671,0,0.298001586925238
-0.213555330825948,1,-1.22292617936591,3.03192255652607,0,0.152347838040441
1.56516865681009,1,1.54660915422409,2.09513270445542,1,0.788152296096087
-1.19068533463874,0,-1.41528191976949,1.45237238277809,0,-0.208779157605022
0.607474462800233,1,0.318390260408025,5.29051744331853,0,-0.207020778208971
0.73669444215227,0,0.846436285579692,2.73668553125042,1,-0.383904069196433
-0.970463517510444,0,0.178190188418023,3.42057530487914,1,-0.805738825816661
-2.43711162954731,0,-0.875255477495516,1.66231935933268,1,0.452952197752893
-0.773867907335127,0,0.941165806724167,1.96204237294541,0,0.779502284713089
0.720241443260819,1,0.170588081840838,2.44860709770673,0,0.112520747818053
-2.36703323607949,0,-1.06349790638204,3.67652231194829,1,-0.736839792691171
-0.878678457954166,0,-1.38804904760206,1.68852545454387,0,0.807019575033337
2.88903911327143,0,2.08671743449315,2.85361566678307,1,-0.206971255131066
2.48336028900693,1,-0.678503145418437,-0.0948146343202292,0,-0.739579097367823
0.469550943559191,1,-1.85557165391804,1.49274556591837,0,0.799201962072402
0.757899588485507,0,0.533259362753652,0.707990923236686,1,-0.107631165534258
0.663874553590234,0,0.310230256060895,3.1133627173571,0,-0.133050888311118
-1.33684841854743,0,-1.3538343357226,1.83554691171974,1,-0.16554312966764
1.41011448833696,1,-1.94295641358195,1.60962591799326,1,-0.37168291490525
1.69301790402049,1,-0.116302517158606,3.36909984619857,1,-0.717563631478697
1.51218146258765,1,1.13939629170942,3.11627285824003,0,0.580938138067722
2.04401438526859,1,0.636124035182149,1.1019787965325,0,0.681652136147022
1.87706234464856,1,-0.492937424161977,2.42786648760965,1,-0.614059968385845
-0.674799388235032,0,-0.834188231584378,0.77155543148775,0,-0.0855281357653439
1.33870888951535,1,0.271066756750545,1.52438497578882,0,-0.494436340872198
-1.60028659761706,0,0.157353347216158,3.61657763714695,0,-0.834118093829602
-0.229220436015877,0,0.629711746692728,3.45012795133044,1,0.538109603803605
-0.985626599491413,0,-0.395797950288896,3.10901875546684,1,-0.446243575308472
-0.350790084692765,0,0.899354053203099,1.42909611366968,0,0.0101562789641321
1.92561214707388,1,-0.830811527336248,0.118568529724446,1,-0.730984917841852
1.01437018315729,1,-0.330544700119963,0.824301815975842,1,-0.0455301296897233
-1.11777930387437,0,0.740814523725905,2.95255652462752,1,0.701236426830292
3.55572230282622,1,0.989971608627113,1.70943211383491,1,-0.971862370148301
0.198174030263058,1,-1.93850470145338,-0.16260814556798,0,0.989006462041289
1.82343951035039,1,0.107190407016153,1.81981251228354,0,0.578014692757279
0.512931160891687,1,0.60877901173463,3.41023922112458,1,-0.499507994856685
0.450937604603396,1,-1.45082431349063,2.64346864051953,1,0.481046751607209
0.277052645129919,0,0.480625599875217,1.17874145647058,0,-0.07348468946293
0.440151076242471,1,-0.828174270396797,0.454083347934976,0,-0.92908767843619
2.95312934490025,1,1.02025301216443,1.17345277436321,1,0.220319203101099
1.87779794323042,1,0.538482032102641,2.03452767132152,0,-0.199467692058533
-0.598502253420416,0,0.769052294995609,2.88807370091206,1,0.993250544182956
2.28780825348312,1,0.120719329287034,0.0600598452097441,0,-0.114824032876641
1.79990852575987,1,0.863648434157753,3.02320175527412,1,-0.980141117237508
-0.551030087588205,0,1.38051452831454,2.00545772658802,1,-0.949114103801548
-0.984873603361675,0,1.96624801545563,2.56977896960583,1,-0.392717062495649
1.98791091037799,1,-0.028395054749065,0.34674443676513,0,-0.751326615456492
-0.529250401221931,1,-2.2490510903324,1.33334561987782,0,-0.770944245159626
-0.484986730288066,0,0.0315260045939917,1.55176581073448,0,-0.0959025281481445
-0.458462965751455,1,0.205561208449975,3.04389134830903,0,-0.180062056984752
-1.71515737767836,0,-0.155345347144399,3.02817404739542,1,-0.457323770504445
1.82572798680765,1,0.568288620777075,2.43509045924834,0,-0.21737452968955
0.669398122360302,0,1.01067796451426,3.60421218162388,1,0.112678876612335
-0.535089305945055,0,-0.517982430167822,1.48458880025463,0,-0.534492939244956
-2.04524380429042,0,-0.29409532715611,3.01253719377392,0,-0.905154956504703
1.39436571501341,1,0.397842208800339,1.96405997020928,1,0.933369126170874
0.418726884775673,0,-0.550223741489138,1.33265790382359,0,-0.680467215832323
-0.312696062187227,0,0.0912673834882354,2.92338003833084,0,0.202871650457382
0.791856440291875,1,-1.9617075988853,3.3811003308495,0,0.877041600178927
1.57327596823559,1,-1.11989972139762,2.87825041618485,0,0.983315398450941
1.46641127604571,1,-1.32775547560413,1.49059654457774,1,0.182860079687089
0.223504439519332,0,-0.853623696727242,1.5302123658449,0,0.58984257793054
-2.33316897374271,0,-0.693304527930666,3.377675846806,0,-0.824507917277515
-0.21505009484638,0,0.38230514254637,2.35282640641775,0,-0.794240545947105
-0.69729801386148,0,0.982113002522641,2.82957397932112,0,-0.73920685146004
1.33965772564703,1,-0.727383529087535,1.66129801633569,0,-0.548845208249986
2.04866799879712,1,-0.996838982378005,3.26103493646465,1,-0.329588336404413
1.62557559601673,1,-1.04168885898951,1.19124485503781,0,0.215176315978169
0.57546348676603,1,-0.414588726363674,2.62535152086663,1,-0.607230829074979
1.37548384267691,1,-0.239029068152564,1.18282503443189,1,-0.436667641159147
1.62924264508672,1,0.483617533838269,-0.462575016585768,1,-0.838238903321326
1.55241058087072,1,-0.32132484216839,0.657042489320329,0,0.276878203265369
-2.17973009227178,0,-2.07848926886002,2.13629519921016,0,0.714840255212039
1.88097873230054,1,-0.0914342755501383,2.88292274962583,0,0.536180876195431
0.0262564259605514,0,1.18718681065156,0.248697916905185,0,0.208628612104803
3.08154268594297,1,1.19160126851033,0.748575531080474,0,0.326334195677191
1.19688472583914,1,-0.78896321811123,3.76454599657549,0,0.493825064506382
0.32095131706354,1,-1.54777654363757,1.56610065017674,0,-0.107082000467926
4.10381194944978,1,2.45806049186527,2.5057001319306,1,-0.585544888861477
1.50379393050139,1,-0.162421942479419,1.47306467862268,0,-0.480125543661416
-1.2119691815534,0,-0.0974512501056172,1.7014171148485,0,-0.132433917373419
1.65851318355936,1,0.420574188698147,2.08724420660524,0,-0.802713368088007
-0.401270799621243,1,-1.61403945661912,2.01096184279901,0,-0.933734635356814
1.74465178728648,1,-0.728219111191288,1.80743978895794,0,0.266817289404571
0.0755497547880971,1,-1.54044240529001,1.53020351485626,1,0.075419494882226
3.46080389494379,1,-0.693094614010595,-1.04786088979872,1,0.643646488431841
-3.17537851929403,0,0.118849433004561,3.8686555003337,0,0.323015501257032
-0.93194211375999,1,-1.36470945798691,3.79042420824304,0,-0.0634998185560107
1.88696996973942,1,0.589982679367313,0.898918258280768,1,0.717043979559094
-1.10559324892906,0,0.289344028817336,1.83189247789003,0,0.548921165522188
2.08225506710049,1,-0.904215025620639,3.37527530471249,1,-0.235327269881964
-0.646750507651134,0,0.226324942381064,2.9982900230522,1,0.974088115617633
1.94586451124798,1,0.748081162493843,3.27660161874577,1,-0.572759192436934
1.15944125940997,0,1.06109525326174,0.928253081840204,1,0.946864896453917
0.67327338317441,1,-0.212848278646528,4.57726809619797,0,-0.0981654827482998
0.854229628611352,0,-0.0936367939110456,0.866540040229672,1,-0.379333155229688
1.57018425681618,1,-0.0867141349819251,2.75391634188329,0,0.71843145834282
0.776561888083137,0,1.44146175605504,2.14127598044569,0,0.415423275902867
0.597641577172733,1,1.12507189227799,1.59628968203797,0,0.113934577908367
-1.19529621073806,0,0.834401567757039,1.62058420181898,0,-0.517452181316912
-0.672658842147648,1,-0.287340799840693,1.008603187469,0,0.0487966486252844
-1.15345008538776,0,0.373241434166406,3.62265979575681,0,0.509688472840935
3.20654769347962,1,0.403290331220696,2.08951322776275,1,-0.000292524229735136
-1.977004864125,0,-1.04167329428932,2.25921794921438,1,-0.0465406188741326
-1.21197888533036,0,-1.72830451532074,2.20963283306103,0,0.00713079795241356
0.474422403931042,0,0.641830027651616,1.62482924693913,1,0.218671027570963
1.21407750712678,1,-1.52931053118042,0.865978755244952,0,-0.012930640950799
1.24050133689467,1,0.00168368848420991,2.25372630968396,1,-0.609667542856187
1.7350717030383,1,0.250247821348331,-0.093639449958927,1,0.0242393249645829
1.47073581739905,1,0.563867390305883,0.581433057164386,0,0.771942564751953
1.83508537439857,1,0.189426237514811,0.923603305061619,0,-0.847989462781698
0.65681516674096,0,-0.732853806297125,0.921321137327646,0,-0.0670866640284657
-0.732481200166318,0,0.986365859895462,2.10718881656708,1,0.73179374076426
1.66723623184265,1,1.73863376690625,3.59848754832474,0,-0.344344936311245
0.594454804282993,0,0.881178808925443,0.484675855935033,1,0.190245900768787
-0.710514766734198,0,-1.94365090132398,2.43367602059661,1,-0.0610752520151436
-0.401403450319189,0,1.39957618540294,2.89954475332104,0,0.519345385488123
2.30654899501885,1,-0.056055946186268,1.01046779771112,0,0.0608978411182761
0.381564152041633,1,0.52491427931929,1.94720059847752,1,0.937398562673479
2.38233300259202,1,0.62203323587106,2.82361090262206,1,0.898341109510511
-0.275319298068948,0,-0.0966860732067051,1.74449089745261,1,0.149989634286612
-1.66707156897751,0,-0.0752631976487263,1.77931565274879,0,-0.733312825672328
-2.3130981390195,0,1.0191570693309,2.30772679121062,1,-0.493439220357686
1.4084683023118,1,0.711601922486244,1.93998674666673,0,0.986067193560302
0.730687722130003,0,0.990262246044231,1.44434711006078,0,-0.184451212640852
0.952103149371747,0,2.38292669523033,1.86138498053911,0,-0.560662478208542
-0.996810395654306,0,0.664415863694087,3.88283979238647,1,-0.303508484270424
-0.708344668861566,0,0.207381157385307,2.87366867960603,0,0.138640137854964
-1.07494683153949,0,-2.21063311057562,1.08540292717238,1,-0.939320280216634
2.56692176212754,1,2.69171400324612,0.75508237766868,1,-0.960423439275473
-0.678788659762003,0,-0.482676821796308,1.64001775931739,0,-0.329089486040175
0.501003494231461,0,2.37473471509539,3.32877470094798,1,-0.487184848170727
-1.02331341197083,0,0.374643568004988,2.29267911841695,1,-0.95456815417856
0.777862234315131,0,1.53843019889679,1.29849476315934,1,0.53569308668375
-0.408965217095827,0,-0.109710321176239,2.88223456781802,1,0.561879803426564
2.42207009567168,1,0.511470754698125,1.86662961127711,1,0.386604853905737
2.75422906162823,1,0.213957979642262,0.879321500708582,1,-0.897848344407976
1.77889252730909,1,-0.186120699373496,2.46119245421179,1,0.318613753654063
-0.816040828172879,0,-0.120393824622494,3.52414281017881,0,0.525341907981783
1.88064658202002,1,1.01283433584425,2.43446829813283,1,-0.359332197811455
-0.309568879601726,0,-0.2014581469715,2.19200037113893,0,-0.192036835942417
-0.691213350806514,1,-2.0376824944408,1.34375687158294,0,-0.934754522982985
-0.214193990634299,0,-0.195889248829828,2.56839853086953,0,-0.0155467740260065
1.45615708860482,1,0.539790605536274,0.929429465109614,0,-0.716650190763175
2.54170138820267,0,0.61645571635144,0.346850975519109,0,0.598316857591271
-0.875048319638043,0,0.616567817477434,1.95664723150625,0,-0.181775173172355
-4.12330253774371,0,-1.69210152086908,1.96540649420096,1,0.872869474813342
2.24693967027616,1,0.368742058011194,4.36505553200281,0,0.46581953112036
1.65018141566226,1,0.967859209947064,0.783652692108101,0,-0.130074610933661
0.779968361588717,0,1.27657868146766,2.17090632334904,1,0.597657796926796
1.47174550619457,1,-0.224961271044116,2.80505309362219,1,-0.267397427000105
0.0201879158119771,0,-0.321892586182801,3.05059284411588,0,-0.238024830352515
-0.55612976258651,0,1.48783783187804,1.98927551534068,1,0.347095296252519
-0.200048771708812,1,-1.66792804577932,1.25674385857075,1,-0.120460132136941
2.46628922728331,1,-0.436829976913125,1.93421594813001,1,0.425210583023727
0.288236774591639,1,0.457462079357455,3.93975599193716,1,-0.129364656750113
-2.88740270301651,0,-1.61777376538123,2.48273900817583,1,0.330743777565658
2.93112654799316,1,0.279627862431757,-0.0444770725580739,0,0.0461283288896084
1.84663599634065,1,1.87786402105219,3.42345912865025,0,0.807171628344804
1.51402309939622,0,-0.00406065343634058,2.54050266091508,0,0.875742160715163
1.61445414170414,1,-0.278454024963586,1.96642822816247,0,0.922200057655573
1.48972220298876,1,0.474911714034054,1.9821363788899,1,-0.532597914803773
0.878216280649518,1,-0.279072170787307,1.8502102802066,1,-0.137109617702663
1.41434101605662,0,0.813400374079065,2.25655948095525,0,-0.162242472637445
0.788449927904465,1,0.904435464449695,1.49613306696298,0,-0.6808310309425
-0.0647954995720313,0,0.00269166123012091,2.27701125166001,0,0.06274966429919
1.65274074381769,1,-1.17669215774973,1.06864397517926,0,0.867001905571669
0.308039642048452,1,-1.31822072745909,2.20014687527476,1,-0.819190219976008
0.307167970796744,0,-0.592997365655317,3.10683742066645,0,0.312800663989037
1.09827295171034,1,0.797380500549836,2.5092061136538,1,-0.642964826431125
0.291300651880169,1,-1.95820517465693,3.03374967645111,1,-0.502835757099092
-0.828273546909029,0,-1.88632515873255,0.909131238197383,0,0.158724287524819
1.37979822574353,0,-0.653779824760103,2.0547927844726,0,-0.801693549845368
0.0271745714884305,0,0.394394847980585,2.61725030272206,0,0.330671013798565
0.995166465369575,0,-0.913566048164992,0.931995132266716,0,0.240549568552524
-1.15493240577168,0,0.886749037096059,3.56581433705846,1,0.745751281268895
0.131687081589645,1,0.333369970155182,0.965191989014738,0,-0.602316580247134
2.35468136351154,1,-0.17063961823861,2.16451870850584,1,-0.358574010897428
0.135395369473244,1,0.81882813653178,2.15183233035508,0,-0.180582908447832
0.415471126925059,1,0.388365162819368,2.12167030196685,1,0.854026143439114
-0.149069936274709,0,-0.445935027212156,1.78957541635653,0,-0.913038221653551
-0.475200195603423,0,0.23111493441816,2.4499367871462,1,-0.612717584241182
2.88012530821769,1,0.647513357977592,0.968835508102537,0,0.440126808360219
1.39812567016574,0,0.356283344862047,0.710635811776777,0,-0.88957440527156
0.180110370119835,0,-0.658010207949479,1.34543136188675,0,0.962468318175524
2.22712831479333,1,0.855202205064192,1.94267589615222,0,-0.948346882127225
2.15146238030083,1,1.15293622555862,3.25674782035705,0,0.0184263023547828
-0.793272311849576,0,0.276274556543337,3.58745413986454,0,0.730428673326969
3.08460017819294,1,0.144104662462187,2.31948146254475,0,-0.396770775318146
-0.699900644745772,0,-0.075625080779838,2.38159162269315,0,0.239536443725228
1.36094522017887,0,2.16141584630279,1.75635511636055,0,0.130471928510815
0.783625560659473,1,0.276315532135793,2.04805308405303,1,-0.103767359163612
1.78145898082783,1,-0.158294028699944,0.595454138898208,0,0.885160668287426
-3.73856634795145,0,-2.50791780219725,2.28993372889576,1,-0.230946655850857
-1.0832452061441,0,-1.56528176503053,1.46444641770626,0,-0.310018970165402
-2.22751699837516,0,-0.0776732006105648,2.33467877310055,0,0.887318626977503
-0.525932960260409,0,0.206294044843098,1.6540186608455,0,-0.814984847325832
-0.503195924401907,0,0.276872458861614,1.33838426516355,0,0.770305240992457
1.04850608085667,0,0.821506780448618,1.78088862319795,1,-0.403271168004721
-1.22923618235486,0,-0.194152409320457,1.63309508936629,0,-0.684495909605175
1.21474249174108,1,1.21458879448256,3.09457820784237,1,-0.776197894476354
-1.09653415699091,1,-0.921516042869578,2.20920808243713,0,-0.835779722779989
-0.713587087317208,0,-1.20844272044307,2.43249142615322,0,-0.536290596239269
2.24643460521397,1,-1.22898617755381,0.759146414199224,0,0.722209370229393
-0.903975239742781,0,0.742297024186518,3.49682170962802,0,-0.173579212743789
2.7909668359955,1,-0.082919942339226,2.15937044116076,0,0.424937786534429
1.84203732648963,1,0.789817921820499,1.14371859659675,1,0.859782460145652
0.171110753603432,1,-0.267706421557085,2.30904664544682,0,-0.390635631978512
-0.927930860786123,0,-0.591892102212813,2.87043402984488,0,0.477097059600055
0.517211393421708,0,-0.368352575126506,0.616322861698439,1,0.30822836747393
-1.52686087577227,1,-1.85261682424173,3.69010697003056,0,-0.391057856846601
-2.77303182033624,0,-1.16961526041411,1.84196929482164,0,-0.956950668245554
0.389051323526733,1,-1.44203464635845,3.12117078064864,0,-0.235710408072919
0.385918027390279,0,1.05432227197535,2.07226131908891,0,-0.494039986282587
-1.14342456666766,1,-0.5973300913628,1.66757715543328,0,0.0653876257129014
-1.36098155915933,0,0.78945985279018,0.165079953373136,0,0.336442802567035
0.79606690603716,0,1.51649060169196,0.899827781412809,0,-0.416035705246031
2.20524914263697,1,-0.191774809109942,1.95865970008257,0,-0.0581235662102699
0.912648100210558,1,0.283878906352351,2.82785254511714,0,-0.240848955698311
2.48939220713451,1,-1.75106751939608,0.118321345845428,1,-0.80011792620644
-1.8357536400854,0,-0.818669777519803,3.37544111232424,1,-0.643598247785121
0.841714472792458,1,0.0562148493828386,3.39899046430298,0,0.690021020360291
1.44228106958716,0,0.299086903336152,0.85668374408906,1,-0.0547064482234418
0.797053410116476,1,-0.759398117298882,2.47230056219311,0,0.755194565746933
1.07839436570477,0,2.6848589992268,0.966360786645789,0,0.683574588503689
-1.69150578300433,0,-0.458390139092389,1.87480002131172,0,-0.652802877593786
-0.779466438948841,0,0.0642435566300379,2.92866273884668,0,0.449190160725266
0.820128454567923,1,0.649791867153518,2.86833964769877,0,-0.147136946674436
-1.95769645323924,0,-0.0260186347739953,1.15082539636652,1,0.1704130936414
0.223715370789904,1,-0.643567387027114,1.61336354552443,0,0.534984997939318
0.176852812691612,0,1.04530566396331,1.02383642900283,1,0.851246572565287
0.469541309609269,0,1.6155453232072,2.33954365990491,1,0.612260937225074
2.92091146014964,1,-0.0296939710498354,0.440924835566227,0,0.883874577470124
2.50846553198898,1,0.562267345403066,-0.629325441551361,0,-0.403019452001899
-1.01705665814235,0,-0.0974124985026302,3.46981228187286,1,-0.996727363206446
0.332319124645732,0,1.01645521770216,4.27347291299472,0,-0.620349171571434
3.3734827580003,1,-1.15616739425985,1.54496645976117,0,0.486730716191232
2.24666161623757,1,2.32086022399448,2.76110248709489,0,0.269962312653661
0.278470801756333,0,-0.603531247788338,1.99249721629028,0,0.0112734222784638
-1.28553598225398,0,-1.45884941443809,3.47431379971599,0,-0.944637222215533
-0.817748071740992,0,-0.35091782719307,2.55414393256938,1,-0.877876016311347
-0.308629997413317,1,0.146708484145002,2.20366396511615,1,-0.657927170861512
1.78399879386685,1,1.62362120768023,0.200863548234128,0,0.988260497804731
0.97397420184531,1,0.91120967677132,3.08295568079775,0,0.560825007967651
-1.33372188320651,0,0.142458432045787,1.64914638495314,1,0.0446655489504337
0.165055323814007,1,-1.38948352398816,0.596509915284974,1,-0.911581235472113
-1.38540535781212,0,-0.866037744672114,1.79820333508667,0,-0.459631448611617
0.308280416303446,0,-0.163284932229294,1.8732218402077,0,-0.770162343978882
-0.361429531571069,0,2.55302611346059,3.05920687266615,1,0.44545146683231
0.938280140530971,1,-1.86022757421841,0.832603967736004,0,-0.190278293099254
1.92982761875878,1,1.13105465184602,1.44235637268156,0,0.771740150637925
-0.516953307976919,0,-0.527234257233921,3.48811992838316,0,-0.237403966486454
-0.136167439161305,0,1.66599089998742,3.35866576877003,0,-0.144465591292828
-1.48672767497543,0,-1.1392006399734,3.16321454390236,1,-0.920577154029161
0.589165024741418,1,0.143623234662747,3.66152394534788,1,-0.100776071194559
-0.119086098282515,0,-1.09955094170275,2.2040309798299,1,0.389513292349875
1.16565639529025,0,0.903516426361675,1.41811631313023,0,0.61684429179877
1.99477100927812,1,1.48377948873809,2.55520406186342,0,-0.692961718887091
3.32952631639426,0,1.95072100640115,3.05872312582593,0,0.105010426603258
-0.928282864820018,0,0.797600657589519,4.41363327147105,0,-0.125589647796005
5.83495177723406,1,1.84326625457782,0.0350176672888121,0,0.457373940851539
1.80736172134549,1,1.24642390866165,2.27323570306682,0,-0.15583768254146
-2.43308289293969,0,-0.131874911824015,2.65479458286965,0,-0.100947201717645
-1.76986836442031,0,0.4770372382847,1.94540134463962,0,0.513964842073619
-1.49012037428023,0,-0.971994211475933,0.442177751514888,0,-0.507175988517702
0.763356630116221,0,-0.185202169400994,2.74150089208624,1,-0.0526074040681124
3.94753087867977,1,1.22096370834882,1.22091425873608,0,-0.544201269280165
1.91649221505336,1,0.54128414348235,2.50586149883051,0,-0.106872599571943
-0.335091553424586,0,0.45735733162533,2.90755170601785,0,0.806942907627672
-0.0412079156240243,1,-1.03813103968721,3.28395701047459,0,0.902022920083255
0.888426927680711,1,-0.604513230334117,0.442136202614431,0,0.172107318416238
0.175271336509843,1,-0.764606013753569,3.08174184817912,1,0.290028877090663
-0.84580765281041,0,0.395295870013499,1.24301864305398,1,0.886431474238634
0.951529577073083,1,-0.990507630466559,0.710980526151039,1,0.467070573940873
-1.33596527268494,0,0.562041390099052,3.31432066591943,0,0.900517178699374
-0.973548748383693,0,-1.11641641193354,3.14625997326498,0,0.365140777081251
1.15785888107322,0,1.82853045813536,1.757416732295,0,-0.48318275809288
3.0056142173026,1,0.460591349478104,2.75954070623835,0,0.432430475018919
-0.941025437328935,1,-0.70100361225327,1.13967425857694,1,-0.0200272873044014
0.260952121865478,0,0.241045932501223,1.84896842094796,1,0.81836456945166
0.933421892225017,1,-0.352453199227956,1.90627676623913,0,0.868697897065431
-0.596594606319269,0,0.371147959759657,1.719259945496,0,-0.045537784229964
-2.34016737150727,0,0.2435327187603,2.73409873649724,0,-0.11982533056289
0.598866598214593,1,-1.01411417266147,3.53732753549595,1,0.191873705014586
-1.43493272606676,0,-0.79131387881947,1.5442289372211,1,0.413056846242398
2.11535380632443,1,0.299593684739564,1.96734154764427,1,0.951119679026306
0.815689565433271,1,1.63905190875156,3.6367573491655,1,-0.0683355908840895
5.48701307369321,1,1.08461700867092,1.67095802947346,0,-0.403914642520249
-0.913171152634905,0,-0.624567473618094,-0.604038170607104,0,0.652903717011213
1.37656300355732,1,0.825922901647494,2.51398378644793,0,0.803299434483051
-1.38710996435633,0,-0.0485683527562885,1.11353198888874,1,0.228100965730846
1.72504535109658,1,0.301313651718405,1.00146159399607,1,-0.456200981978327
1.23819030670111,0,0.260361490736558,3.42081681358485,0,-0.133978801313788
-0.433566603174217,0,2.57544976372339,4.44799800701523,0,0.912759955972433
1.9294942149465,1,-1.18528881058722,0.960217458596457,1,0.0186002100817859
0.401372599870486,1,0.100919859012857,3.03102518166676,1,-0.49474700819701
0.07661929554307,0,-1.77997728796762,1.90585216163037,0,-0.179329917300493
2.12072732187934,1,0.589835922958758,2.14180745922045,0,-0.584568287711591
0.865000197724931,1,1.0966084717214,3.2222367014564,0,0.00718412129208446
2.48916770988027,1,1.44566224110115,2.21367451844107,1,0.699985659681261
0.505973288925897,1,-1.92514525183712,1.14863464613924,1,-0.955816429108381
2.2562158775277,1,0.41276949719403,1.52959112525714,0,0.665420901961625
1.1814478017575,1,1.59336995138365,2.68613525529887,0,-0.489472042303532
2.35699212772019,1,-0.414015863042303,-0.335947331859901,0,0.418853518553078
2.54852978040851,1,-0.212150532081949,3.09524438184847,0,0.326705429237336
3.11463804651571,1,-0.0365372222047413,0.43284990116776,0,0.215291700325906
-0.119077430343978,0,0.365018751433036,2.02193106281838,0,0.234452930744737
0.123364265964787,0,0.665159875745969,1.80964102240804,0,0.191111194435507
0.292492604987109,0,1.31782088371148,3.29306948602434,1,0.353744256775826
2.19398116590316,1,-0.0954875904449924,2.18884931505663,0,0.960097865201533
1.85348442912629,1,0.196278045472469,2.10193913490521,0,0.675164273940027
1.24064831326145,0,2.48799787722146,2.6981358088586,1,-0.848009088542312
2.7014653584374,1,0.431098928114991,1.17298544380957,1,0.0564155192114413
1.78094005519608,1,0.188753109329833,1.80410114393362,0,-0.6760318945162
1.09605253729663,1,-1.34224312528345,3.17758441380777,0,-0.136610158253461
-0.545774705758213,0,0.00285604762222659,2.68347362097985,1,-0.799152279738337
0.883272321702553,0,-0.221326153166881,0.724503293247473,1,-0.788873342331499
-1.0251611978607,0,-0.0110458298093738,2.63795636741088,1,0.663324864581227
-0.280660991017246,0,-0.575417641271167,0.622410375396279,0,0.908049928024411
1.46854952675073,1,-0.686815652442701,1.40168919628033,1,-0.194040580652654
-2.39781748521089,0,-0.720773631820122,3.21092038385701,0,-0.262702305335552
1.1668872846719,0,-0.214504515399774,-0.251045175445852,0,-0.103440268430859
-0.544662632122127,0,1.36813264802863,0.220985809119172,0,-0.132495503872633
0.83926073259412,0,1.04908662655933,3.30137267282642,0,0.925463625229895
-1.60401619947325,0,-0.359975117943056,1.18520721594735,0,0.482666607946157
-0.798153798426185,1,-1.68591645453874,3.24370701857891,0,-0.437428668607026
-0.110928162966433,0,-0.844583428535954,1.83174979924389,0,-0.0180091778747737
-0.83895789729706,0,-0.457760533240508,2.42777567836292,1,0.956905665807426
-2.63735550407822,0,0.103638004228304,2.81327888962924,0,0.134932288434356
2.76748030509136,1,-0.662607275700815,1.34878813063996,0,-0.841295135207474
0.00619019155608402,1,2.00668069083189,1.69540907685339,0,-0.881397322751582
-1.30413063763581,0,-0.272267534418351,1.58490283035436,0,0.812441316898912
-1.37213686120279,1,-1.21394447023951,4.81608427602238,1,0.648382864426821
-1.07644250148449,0,-0.141261757282513,2.12614706909758,1,0.253396396990865
0.844152211401061,1,-1.00537758159341,2.47280042311109,0,-0.572207394056022
1.44676314042972,1,0.156155707275326,1.65924645905905,1,-0.30242832005024
-0.789500150068996,0,0.233633614089869,1.75820935734539,1,-0.717260501347482
-0.999628450572235,0,0.355587611628384,3.37875466885731,0,-0.137220371048898
-0.840098617942882,0,-1.62185825912421,1.66111633046261,1,0.546774025075138
-1.35144482742991,0,0.220711290970649,2.02013630276076,0,0.819421073421836
-2.63271983562225,0,0.310450080541646,2.37696216414107,0,0.653512456454337
0.0931170354711637,1,-1.42110844750449,1.56827625496212,1,0.91158263804391
-2.61439421826209,0,0.955365639730411,3.95906415617703,0,-0.247036427725106
1.05596205707961,0,0.784170879094338,0.571540387778827,1,-0.906744190491736
2.01658017455286,0,2.29961936115445,4.01129297984563,1,-0.420862358529121
-1.56163287812966,0,0.156702987375728,1.64840811112082,0,0.999376298859715
-1.86920457446635,0,0.0467335275180007,3.35711964684949,0,-0.102497259620577
-0.827487760343708,0,0.0965858340824363,0.000822588992529516,0,0.990060950629413
-0.0635506146368038,0,0.0697662309003006,2.95608062142845,0,0.414901133626699
0.244178916812296,1,-1.84847277533767,2.87643126497687,0,-0.400640523992479
-0.565250621909158,0,-1.67112705864224,0.728783028439914,0,0.816664038226008
0.363197558842485,0,-0.0775389667912034,1.23167612151037,0,-0.0513338702730834
-0.700756535255179,0,-0.581067380566498,2.19352484547022,0,0.630625928286463
1.7320492720279,1,0.0547365250574253,3.14383542879701,1,-0.493019943591207
-2.58836966064313,0,-2.11120837326053,1.23400069597133,0,0.91619370225817
-1.14389960965123,0,-1.49869825452676,1.7758740009467,1,-0.0740972985513508
-2.03824926452949,0,-1.10148343893874,3.57134693497734,1,-0.739798620343208
-1.07359602084206,0,0.986058221060247,0.872652759148508,0,0.540614722762257
-0.402567540786536,1,-1.09849000709012,2.94779398071686,1,-0.715876502916217
1.80322211415849,1,-0.799513953576531,2.4487681892349,0,0.0823249723762274
0.67113428086802,1,0.0798738186740527,0.894185471443674,1,0.315002737566829
1.03465914497788,1,-0.322746361825109,1.33213215782622,0,0.152263274881989
2.2207903854686,1,0.146417178667962,2.7832775103022,0,0.00998231722041965
1.0071026543606,0,2.30506198204569,2.24895943271213,1,0.860808255616575
1.06251591458503,1,-1.12460367125824,3.42509827746748,0,-0.546785498969257
-0.240820273212616,0,-0.305469639909805,1.39821603790841,0,-0.972466405015439
-0.292908753131061,0,-0.516759449743733,0.285512303620524,1,-0.444064532872289
-0.357867942486806,1,1.51239542683245,3.04782692647826,0,-0.376886880025268
-1.41099449081142,0,-0.769484922890278,1.39137838156587,0,0.800885469652712
0.144546419997913,1,-0.0820869037757183,2.12034052682256,1,0.114829028956592
0.899769977137574,1,0.787133614322708,3.7190418138518,0,-0.730077918153256
0.999936020836108,0,-1.0585905359484,1.7495859476888,0,-0.566431980580091
-0.0990532870841999,0,1.65517581574201,3.54955532739698,0,-0.830843859817833
-0.452123175036495,0,0.675762415474246,0.902860350067554,1,0.711294766515493
-0.526064234944567,0,-1.07420660953035,2.92551123611624,0,-0.882629107683897
0.244622069442265,0,0.454577809057738,2.246799211871,1,-0.34404561156407
1.63402782108312,1,-0.213307143233068,1.26322846064855,1,0.00039343349635601
-0.287014182860651,0,0.313228771994335,0.719991061110345,0,-0.332207874394953
-0.813466280816666,0,-0.0899751970156634,2.07664366359451,0,0.754112725611776
-0.012711435922348,0,1.07051603677834,2.25516476245408,1,0.765564964152873
-0.739253993313164,0,-1.35110038570333,2.27744681703468,0,0.802226122003049
1.30529152097945,1,-0.522616697195916,2.53685602223155,1,0.595884708222002
0.78617368521733,1,-0.249190677755399,1.53951443402329,0,0.802964542992413
