Y,D,X1,X2,X3,X4
1.0711189192450576,1,-0.9891213503478509,3.1330500123726486,1,-0.19070146894356999
1.6830595728679953,1,-0.3677866514678832,0.2878941577730816,1,0.14416026938385507
2.5956176926920453,1,1.2879252612892487,2.193287742920313,0,0.0760747088019027
0.9476844108500767,1,0.1939744191326132,2.789800724357291,1,-0.32032445988431957
-1.157197417858338,0,0.9202308996398569,3.0319814395777285,1,0.8395466438603154
0.3612262002342485,0,0.5771037912572513,0.8889729452717383,0,0.527372847908542
-0.3292279517689312,0,-0.6364636463709805,1.6136057906265826,0,-0.7053672743015902
1.2606054970892127,1,0.5419522204102933,2.040814531712516,0,0.23294301307094845
-0.311990259926483,0,-0.3165954511658161,3.0612690943171197,0,-0.19888086755516432
1.4675856500248905,1,-0.32238911615896015,3.969799790824163,0,0.1846604363346136
0.12159985572197496,0,0.09716731867045719,2.229687512692498,0,0.1305044382266609
-1.6452327835087153,0,-1.5259304065189514,3.2870695428060697,0,0.5110476703965099
1.0377488040277867,0,1.1921661041016585,1.8267571469254142,0,0.8046270207935935
2.6402812426212385,1,-0.6710896751741096,1.6502172771250312,0,0.21809755315533397
-1.5789445866234437,0,1.0002694196594604,3.086712752182847,0,0.020797899598554714
0.6196723204187928,1,0.1363211238531175,3.6399534347386693,0,-0.4223847571325572
-0.42579215488961886,0,1.5320330796287964,3.8855168895935908,0,0.6390511496985736
-0.9805949601210181,0,-0.6599694137918207,1.2850390125869526,0,0.9545982067102041
1.734083888595905,1,-0.31179485646991756,0.9989111683644045,1,-0.35039951748731113
0.8540112126656709,1,0.337769126558826,3.675991994169099,1,-0.3083385068225495
-2.927804800095532,0,-2.2074710981998042,-0.12144602856624553,1,-0.4372238107185784
1.2940021837861466,1,0.8279214415587369,1.7907754033699108,1,0.9695111044271731
0.07057624671470464,1,1.541630394690618,1.3817203753165537,0,-0.7650768569704682
1.4755910988593604,0,1.126806793265028,3.4104774740951456,1,0.3502522844425999
1.3200613381530417,1,0.7547696443122508,2.1403589931752176,0,0.15164649910206673
-2.1417049052982735,0,-0.14597789311522394,2.539885869618554,0,0.40365753039746677
-0.1816796553935558,1,1.2819022270597127,2.181639112380262,1,0.43862549139092
1.1262117407958485,0,1.0740306219719435,1.7455080887967664,1,0.6009413978302409
1.9234298012172828,1,0.39262084457727114,2.587111853159855,1,0.4054117443794163
-0.1316369077300683,1,0.005114312828982818,1.0630158810570676,1,-0.6291421190690831
1.0457793880798574,1,-0.3617668721609232,0.9588378454926041,0,0.6017753507181318
-1.057067936557123,0,-1.230232195490445,1.56938530024759,0,0.23304999965563278
-0.10146540781136529,0,1.2262292928211507,1.806003684749547,0,0.9038710245957937
0.6898571994449582,1,-2.1720438866851817,1.2710959528782,0,-0.7453476495473013
1.7261998790521509,1,-0.37014734585231535,2.1117876978023933,1,-0.31295362289771655
1.0042651510788096,1,0.16438006967466792,4.213460973147088,1,-0.7489122209118397
0.4843544054494462,1,0.8598811846127368,1.7300706712670335,0,0.42648384062359335
1.3879814883534236,0,1.761661236511811,2.9044900510827136,1,0.8982662966719561
1.9667760979206022,1,0.993323775951811,1.6979072885356925,0,-0.9527107082416919
-1.4598055914286174,0,-0.29152142609843873,3.170744806182237,0,-0.07052317707012956
0.3238836926448147,0,0.7281275578891427,0.8498375247299452,1,0.5122012860634191
-0.9701891187956888,0,-1.2616003169196963,2.901814273986469,1,-0.5325268201438131
-1.2940166194742573,0,1.4299385266887068,2.3554831238800973,0,-0.5501798058571772
1.0546384207865873,1,-0.15647532482940535,2.4150474257781047,1,-0.6221381717187466
1.3610150775481729,1,-0.6737591499870575,0.7366906962490751,0,-0.6611444490948419
-0.4467630931727172,0,-0.6390601004322052,1.5357582727365644,0,-0.7733657333608321
0.9655914795080742,0,-0.061361327620372906,3.364358601112733,1,0.5266390085533785
-0.4764032739623141,0,-0.39278492256994324,0.4707816176769133,0,-0.42887119740828084
2.975888813836106,1,2.2899099473145785,1.5925388412786852,0,-0.1723302849423134
-0.5301158857052387,0,-0.718181147880596,2.4558356793669676,1,0.42633012102839074
-1.4193157171549795,0,0.03260774315697052,3.9669576425553545,1,0.12882975775715
1.3708672125974217,1,0.028049895585638977,3.2086937739819437,0,0.5297523733814573
-1.3933858114003963,0,0.028272122739737816,3.371485816907778,1,-0.9918845858832817
3.638462158265269,1,0.05534586195270899,1.5329384986963148,1,-0.41937702476095406
2.5608814258226262,1,-0.48156285818994926,2.191277374435461,0,-0.6337875447523167
1.4360157141902576,1,-0.5834075004641189,1.2550412000875748,0,-0.967397657501504
0.9879062432684175,1,-0.8621605020712843,1.6906412173220777,0,0.09782819007103982
0.3150022535875537,1,-1.4881746132515903,2.109784155912689,0,-0.9994713817685918
0.3982645450700922,0,0.2163068331092121,1.2400241907462541,1,0.9589331940570929
-0.34963347009386503,1,0.9843763506958761,3.315804700570597,0,0.026304718131408666
0.8080025407946461,1,-0.5430841410126281,2.0414710419777946,0,-0.7288815356130092
-1.1293671788099622,0,-0.5586150390437845,1.6308889145149932,0,0.3553875684089185
1.5399197671729254,1,-0.31648282932264754,1.114294296599653,0,0.43297337759586596
0.8602814534135252,1,-0.4606397412389045,3.2528595097667163,0,-0.03886615044194963
-0.23170948768397326,1,-1.4362697490249443,2.6487797386766556,0,0.3348901307484089
2.7262975161525684,1,1.365108032036919,1.700468968161121,0,-0.22667443593950676
1.5657667402351318,0,0.43899988755746655,0.7850446963808688,0,0.17220260121857467
-0.8064271832516994,0,-0.7116950271980323,2.7851016930569177,0,0.5944006112685463
1.8160740075626842,1,0.2971717615398513,1.8284583845811473,0,-0.16851975356060156
-0.8992450975826517,0,-0.4384572726157321,2.9406722922470423,0,-0.3003002898071836
-0.15410062762570598,0,-0.2116374333746801,2.004118741078874,1,0.04987772124896295
0.25031033083171983,1,0.36396383157911427,3.405248710826612,1,0.7505903534751164
-0.8784097528954765,0,0.9529644919745344,1.9345312591249908,0,-0.2365735629536163
-0.26596098631960385,0,1.5195241292412778,3.573995717366822,0,-0.294816723407213
0.6687639798277132,0,1.7039094489490383,2.7896510166722153,0,-0.7980486429300411
2.1161956034044582,1,-0.24885870743094268,0.6443569624763241,0,-0.8937641196308184
1.3199822439015167,1,-0.4997485911335096,1.6944107231121164,0,0.27674152449106093
-1.6880617757426832,1,0.09959750192201784,3.54623010056386,1,0.6155759533426728
1.8164459459325815,1,0.12834321228831272,2.26872812025112,0,0.22237148296488796
1.5323001699972032,1,-0.7342218924448597,1.4663506199063854,0,0.4160693888799982
2.5214817472145867,1,-0.620475288234763,2.083594155398802,1,-0.13954144898653964
0.9827203990324904,0,0.8132737204208481,3.144779478951923,0,0.5212842953924641
-0.7805374873518516,0,1.6418010137407606,2.372162057520736,0,0.13476508902556317
-0.6568253003005188,0,-0.22650084837917228,1.8052966277380604,0,-0.8592092379243454
-1.097207911840968,0,-0.6479652109953393,0.30477303233948594,1,-0.6735809404678477
-0.11063806087707051,1,-0.28337120662418985,3.675693606577463,0,-0.8193460351403936
0.1758476339911479,0,-0.9951313599700441,1.0701007739959048,1,-0.8961307149159186
-0.9213460315743746,0,-0.2728717697893081,3.056590914140502,0,-0.2750402984387441
3.1764664320854283,1,0.42244414146775444,0.4481492932346445,1,-0.3790727256081454
-1.7228007068584645,0,-0.08134296158935517,1.4441252215194398,0,-0.9520041009450655
2.3719437417114,1,1.234577597061606,1.1307489781991533,1,-0.2914702695579494
-1.2980870188492915,0,0.15088803222043407,2.853147483806737,0,-0.28523187972763675
0.5525155663358678,1,0.4811195273342238,1.419179584955588,0,0.3691306438461659
-0.6951740158034114,1,-0.14875753240949288,2.5653671253477075,0,-0.8972022662582504
2.7338986491367008,1,1.3156657065603552,3.741154543767276,1,-0.4343387539423218
-2.171084697887509,0,-1.2223456022065715,2.1230038756279064,0,0.823186783904466
0.7293134598661746,1,-0.30359134030022955,1.1095830916301321,1,-0.3480752815798267
-0.6926365688514589,0,-1.1736886756801914,1.683473336460137,0,0.8275908895537145
2.357949778153346,1,0.826273507011688,0.9917515901429061,0,-0.2979917965062766
1.6289906294944507,1,0.8503222896230244,2.838026923980741,0,0.1364467961025786
-1.902560083239517,0,-0.5157675930132671,2.6963204933722316,1,-0.26001313604532905
4.418811966503823,1,1.6581133183034882,2.302878590159014,1,0.6324146918291513
0.5583910864409234,0,-0.2972625956392543,0.9392152094558599,0,0.39861022280828173
3.417539929875009,1,-1.3833771199483726,-0.19834067171622527,1,0.703861215882559
-1.904814257600462,0,-0.28120450483617765,1.6425502995444443,1,-0.987605909206031
-0.5653843209255679,0,0.3600205099410753,1.6706811027021242,0,-0.6100079863033232
0.7850240165260258,1,-0.2343920149270695,1.020455381716613,1,-0.12702102374576096
-0.3560161528159639,0,2.265520599867209,1.1017826296356996,0,0.33128071994713926
0.4214818888620126,0,0.8553866507799404,1.6207625289570289,0,0.23905203015911414
2.808241709511152,1,1.7312794387228285,2.7842468589223106,1,0.7596640979217535
1.1391353215149747,0,1.3858854430909429,-0.09222395844229858,0,0.5764836169029117
2.858444805104252,1,-1.685784678368757,1.5008884177766004,0,-0.41295478391528206
2.5079963253972997,1,-0.37775860666514965,2.898023245646014,1,0.2728315897634801
-0.08565392758618295,1,-2.7284856868728458,-0.1804064207014302,1,0.5569303968944088
1.748408289238197,1,-0.6463967359069595,1.8385978462485764,1,0.8562110719656733
0.37516294048432036,0,1.1151042557837136,2.031279465674895,0,0.8967838337189395
-0.04546818147317555,0,-0.8432110959394277,2.10321867539239,1,-0.7116262246411182
1.3896028322439538,1,-0.6366884379661786,3.817117562092815,0,0.13267971859320382
3.4725318785340447,1,0.32613416752636304,1.9719916003249276,1,0.45613758914708313
1.1025351547725961,0,0.787316501190338,1.309613127647235,0,-0.28189051363367623
3.028037947557247,1,-0.3563133841320542,1.549980233353709,1,0.5283793942198569
-0.17064593607924827,0,-0.2558121754401458,2.0400253773527783,1,0.9493228542435841
-1.5542588902669494,0,0.8089817025026428,1.0815825978031222,0,0.37204625457382523
0.9593581641954367,0,0.25405868486417277,0.45490176558608697,0,0.8672313295659413
0.8642491068350234,1,-0.2852867711139038,1.1920750044190505,1,0.6395880548388528
1.0050903162632636,1,0.31450349225488833,1.7138877617082207,0,-0.6913173423176371
0.47531062057978474,1,0.07612150815035533,3.6533517786310785,0,-0.27867829766398144
1.3992074606228178,1,0.25463292349897276,1.3609034028458553,0,-0.16161436638328386
2.902341276161377,1,2.0012311818026616,1.3940306387685808,0,-0.6155354125758914
2.9619833934178885,1,-0.3052079236753877,0.6186208240349271,1,0.34751928411933086
1.8971928783594496,1,-0.5397628579464583,3.3400688636240567,1,0.9215879651142704
2.776111192382934,1,1.41363079410976,2.3679976024191616,0,-0.7743399221444192
-1.0480879333814244,0,-0.7057006440785899,2.8055035627581404,1,0.7956496826737598
1.5514359538751037,0,1.719889475677248,2.4699157134707495,0,-0.26234245518000177
1.5779385438891858,1,-0.1941978062119582,1.2878354881595802,1,-0.10799478348396785
-0.10019858003528603,0,0.0738395180442688,2.2076923956429333,0,-0.02363367436186392
0.7974313365035197,1,0.7336282811408714,1.0115780710615754,1,0.8059957885363329
-1.474170314287152,0,1.2131096954131004,2.473516878773728,1,0.4432651206959062
1.3435481756507939,1,0.996998651667894,3.198013453816691,0,-0.8428285044962918
-0.6428609649347219,0,-0.20363535525576007,4.584233679399965,1,-0.18883572080068722
2.147162954771771,1,-0.3664288354978451,1.1145870385298715,0,0.6906688483077124
-4.016019691299606,0,0.34747264605498496,3.2348615599477357,0,0.34019517329872606
0.10319267458654546,0,0.13471907223135893,2.878600753422358,0,-0.22503525373786326
0.5447925801253021,1,-0.6422731072303655,0.8363592476181738,0,0.7901066641681249
3.1784552255818683,1,0.41072807484050383,2.244370375129744,1,0.2739473688338363
2.6891629896428,1,0.9941196201614746,3.3630435563676198,0,-0.7184184603346562
0.7482312232235394,1,0.16650670497386555,1.3716268937461509,0,-0.3107346994805331
2.697852092206034,1,1.5639997170509743,2.4415428377703394,0,0.15613694900926633
0.01927745019345295,0,0.41030212927441634,1.8416540987804426,0,0.029519620229612853
-2.6649693727671453,0,-0.1558130008062671,2.353210658911147,0,0.2940328709505047
-0.6408159650478158,0,0.10021488993141882,1.2719696188095564,0,-0.2523230899747575
-1.870958600575897,0,-0.5601098671682582,2.0918427468842973,1,-0.14163068701444725
-1.1280774800470923,0,-1.0312979681269934,2.481041870112429,1,0.9207621786830193
0.4636419997866001,0,0.4765285113330109,1.4606776269487,1,0.10470691926960263
-0.8455546885515383,0,-0.8532503175609265,1.174731481888546,0,0.8804163604603432
2.319347908834766,1,-0.3582919723298022,1.9352734916169916,0,0.5903297490418074
2.4818682116718023,1,-0.0892000537049489,1.4988938049469982,1,-0.23072906150380423
0.1660009867324722,0,0.385104174182408,2.0364814312174047,0,0.06026673292368523
-0.8079525608676132,0,0.46116198661092983,1.244323157534537,0,0.6529303696005715
0.5879698970289857,1,0.054223542827762254,2.8964158781569784,0,0.9119387443914868
-1.5447365737086012,0,-1.9313076540480802,2.2713354782992625,1,0.2066110789887443
-0.4332475103253728,1,-0.20659269834007993,0.5905980692530204,0,0.925817931196437
0.15727572395685363,0,-0.7755394099071095,3.4565348929609567,1,-0.9311346881215001
-0.2975959188912747,1,-0.11134755206603067,1.1677663289306368,0,-0.3666475019370119
1.145829454965028,0,0.9913261626706856,1.6620679959043905,0,0.40731641937244656
-1.6252883796354252,0,0.8048242912748194,3.150764840706784,0,-0.8712318580716334
-1.7252703107716325,0,0.22033026805532738,1.206195976592733,0,0.18572470489024062
1.4817176837144652,1,0.5057597974126101,4.061649682512918,0,-0.2927527381444628
0.43379395240074664,0,-1.4884082007347101,-0.32645365359885226,1,0.413215264890725
0.2982422425098196,0,0.19486746569227698,-0.8886541201914326,0,-0.9913840216806213
1.808407978486189,1,0.6245107789489606,2.2236741454148037,1,-0.6930813564151079
0.4583915882089238,1,-0.7061272860867858,0.564438862569117,1,0.879977436618242
1.6818157010158894,1,0.40498760190911653,2.0811297447502515,0,-0.6140761736946336
0.8531246968786077,1,-0.3808262513090348,1.1573802030770328,1,0.7364510385158531
1.84029354261055,1,1.000506751356722,1.699108577886118,0,-0.6756086503577303
-0.1692662462505853,0,1.1084187860618961,2.2892591007683865,0,-0.1446856049961418
2.0499748696108373,1,-0.5347830936570431,2.0997239808964436,0,-0.6290361084568874
3.2925958610064363,1,1.4629225891448634,1.7464010765593783,0,0.32640300528188115
2.364622737006262,1,-0.19008029676546573,1.5251519248815395,1,0.7669089069999975
0.5349315306745123,0,2.0619445581671343,1.787066673406314,0,-0.713905133132388
-0.3840841228665941,1,-0.49155421486414724,1.315254116607587,0,-0.6247029266432034
2.6447459974921506,1,0.06375631404055183,3.179423730251309,1,-0.9157295034609847
-0.8354566636339296,0,0.21318941825068694,0.935837670949432,0,0.46393316889170655
0.1002324195274159,1,-0.7507960478659627,2.2750270611206362,0,-0.20733880470398858
-2.054493031550999,0,-1.7253795282710642,2.332038372200964,0,-0.6671472015384596
-1.302128978517904,0,-0.799603946712547,0.2233252025186554,0,0.5040179968902458
1.9436834422285303,1,1.0796056694391833,2.318991684048348,0,0.4671115266009864
0.5377930354923023,1,-0.3286666075267842,3.134006819901236,1,-0.5359902538756733
2.466627352493512,1,-0.32670660696567755,1.7802613179041302,0,-0.8025155855941659
0.7540154387436504,1,1.5168019034425484,2.674457362236012,1,-0.9429130662199312
-0.9791347271082147,0,0.4935377921925973,1.9335225954992734,0,0.6850044710310934
-2.719115741373292,0,0.7023083586133827,2.161290796402409,1,-0.8770939823897921
1.887790708029388,1,0.8494486593868219,2.854780091204408,1,0.3053118155417893
2.627975702075394,1,-0.9074179691666259,1.8334166676277002,0,0.8044250128938844
0.6702990594634863,1,0.12472619119044917,2.565602997684115,0,-0.012860749281815131
-0.5962479226481026,0,0.15021689145642575,0.44796545922881803,0,-0.008413229088560126
-1.0491768378545023,0,-0.15886661306049552,2.1003384675403813,1,-0.28356308536412955
2.2965305051282483,1,-1.093031809639576,0.22753728180636767,0,-0.4511755345782913
2.9544543945218025,1,0.4637797552060722,1.5841476142476816,1,-0.7106514476316668
-0.7167343151550687,1,-1.6584628297744048,1.3166704247179348,1,0.16945532275198927
1.1387569719195128,1,-0.937066765181612,2.4141146434708083,0,-0.8647626823625463
2.9857518042412203,1,-0.809338144725826,1.5773424994532523,1,-0.8055455736114836
-1.966984734030976,0,-0.4121316876932873,3.859554942364812,1,-0.02089352840474734
-0.6284148611098083,0,0.8410925962717724,1.606795680737789,0,-0.7657965462423624
-0.37304821695737345,0,1.6566804317545272,0.9393751874940162,1,-0.6989512955746096
0.4369599457311415,0,1.7222953245634596,-0.08527711318572706,1,0.8093447403549536
-1.8100918610543304,0,0.8062593784664507,1.974742020557023,0,0.7888014421795417
0.054516898519375134,0,0.4396938677503011,1.6648318630074692,0,-0.07949024903806912
-2.738029378210342,0,-2.336548866824762,2.7697543912924356,0,-0.7765878082737623
0.04110260348153233,0,1.130119646001526,2.87350873108315,1,-0.9158207163762888
0.1515403597081939,0,2.62894656687513,2.769292101181834,1,-0.8740417872364332
-0.5311407922299369,0,0.4528764326586353,1.0787852582427706,1,-0.3433809818974505
3.7658576239072667,1,0.23403931476303633,0.7568428841069248,0,0.6861829698955726
-0.7198385088722876,0,0.6986958268525457,1.5765049804593767,1,-0.306315466580664
1.5828158300916284,1,0.7286285854727402,1.0901465131525037,0,-0.8242450888922528
-0.8392548834416804,0,0.13491633484718182,2.134005093908766,1,-0.8030520411291411
-0.2180789676937181,0,-0.3738158660469447,1.7000486252770193,0,0.1121251699537098
0.4573439525935262,1,0.36175920966930913,2.7138710213108395,0,-0.15775185852357998
-0.13141339696578613,0,-1.371789209545305,1.473814038583636,0,-0.6396770707949218
0.07929680432452368,0,-1.8824265432952796,0.14708689585571522,1,0.6968645827314972
2.4007992093964265,1,1.3609386407215076,2.685057433882103,1,0.06609814984265205
-0.4700030834810077,1,-0.4580613303357993,4.572806439029964,0,0.9828301157201942
-0.9509409556251454,0,0.7159554764409589,2.6383220385279795,1,-0.4299720523555113
-2.0522292831666062,0,1.5545939894496328,0.4417980868625968,0,-0.8250692920404477
1.2464031149718295,1,1.2202803496078072,0.5120415091040726,0,-0.07932040228290727
0.014143418681453523,0,-0.5533927086578075,3.6022518795956193,0,-0.05462812352878954
-0.12006208319055883,0,0.32475402951057675,1.8627555783366663,0,-0.39989668570896475
2.758344207268227,1,-1.1660869779927312,1.988837068432057,1,-0.8343227179759602
-0.1831087272874527,0,-0.10457310141732605,1.4250757613099354,0,-0.14798112738599567
-0.6953289539561057,0,1.0460169510083304,2.9922394796781906,0,0.8783984811756989
-0.7590248433368627,0,0.032026240362665485,2.2102491024881643,0,0.14631112869011043
-1.4240900910582317,0,-2.8513692977267215,0.7947553779804497,1,0.43020261304349816
-1.1589846047148797,1,-2.2512634070433397,1.497147285379916,1,0.1394291963183203
1.2781639071410866,1,-0.8015855705696161,1.7099373050361322,0,0.7933902479409416
1.1132239940471815,0,1.3332416592988874,1.5246302069173128,0,-0.18331866084970105
-0.05366520681359854,0,0.19908526116335354,2.742416706044973,0,-0.8358622827535891
-1.241014060492971,0,0.14127312401221767,1.1272696508390743,0,0.058532133681224785
0.9698857868852029,1,-1.315967183570239,1.5700116514787827,0,0.8437479211389058
0.8801054435165028,1,0.14643165146824455,3.6425475318325042,0,0.4397604595742617
0.603727337630832,1,-2.275172311782878,3.7394338448682145,0,0.17537926216016353
-1.146163091478971,0,0.3418321832868489,3.901193459510851,1,-0.5881960922900884
0.4270659996103635,0,1.179240371618659,2.418389708059887,0,0.04964172172026893
-1.256025621071354,1,-0.8175873269996745,2.8395138402583284,0,-0.9678822599224164
1.8138066800825572,1,1.0843960776954626,1.2022127597361858,1,-0.5000501640356478
2.2901449319691958,1,-0.7198953817046602,1.299816990750891,0,0.23974407470008474
-0.982377306999077,0,0.14737475325274213,0.5113300962914158,0,-0.8957353702769608
2.6345217570637964,1,-0.13593615325328076,2.4976819712324434,1,0.6736614341068929
0.6981498223164495,1,0.09386752148890617,2.7182111813469336,0,0.7353569639069104
-0.8885941465741722,1,1.5269537351340803,2.5973711800879307,1,-0.9305401228231187
2.8281646993481595,1,0.8812159680588113,1.6734513433002605,1,0.181971164809001
-1.906968946003979,0,-0.6777214471458357,1.6219528625562432,0,-0.0348724983482831
0.10815006880278871,1,-2.7649622263558378,2.954028473250796,0,0.8029316613346118
1.376610986711429,0,0.8948033777302304,0.9933421683048538,0,0.08276440642535143
-0.006760207142678498,0,0.7639095274379486,2.2080226891673167,0,-0.8578745896124189
-0.7582459949312434,0,0.16551152771457467,3.2329624124592824,1,-0.932681735569348
-0.6389557956129461,0,-0.5581907689757559,2.5370120301973635,0,0.23415901436271214
-0.6748723043191754,0,1.5984078393234942,2.412130416630106,0,0.2664108392803459
2.3332809555060066,1,-1.787211865114611,2.5178113733500043,1,0.31983059644086564
1.4505593717044938,0,-0.7843783419660694,2.479237028870898,1,-0.4510732680755649
-0.04462568809037659,0,-1.4663452864855158,1.869856717796724,0,0.643535068271192
1.144908356450796,1,0.37130709331816886,0.32533378647333056,1,-0.4490303264910207
2.0253091817235327,1,-0.4665425184015298,0.13702825417088538,0,0.9775373270181904
1.251114960882119,1,2.111190379707566,2.274869130016045,1,0.45123535063785414
-1.6100124290417144,0,0.017806432331857514,1.7682182117202687,0,-0.7753654230852203
-1.5461787825913915,0,-0.23880700459249624,3.8198691098653024,0,-0.9934731198237088
0.05392446471406834,0,0.5727004006438987,2.1482936998670903,1,-0.27207166516600356
-1.579102228864556,0,-0.7321968109692886,4.166647950737151,1,-0.5365126650732559
1.5781610820005953,1,-1.0839092477907986,1.1741977397600307,0,-0.019164726283482425
0.17062195468399488,0,0.5350059734140298,3.454322710639043,1,-0.3156626017033062
-0.48173644100342894,0,-0.4890183946095106,2.5159945331342537,0,0.16574711982218626
1.736803389996382,1,0.9759745442574668,3.3756869505626788,0,0.5742212601663403
1.766798023193338,1,0.334779959807586,1.1746583429786943,0,-0.3674409965958336
1.6335412589038136,0,0.11642103002007415,1.2388169124002566,0,-0.07140545659642106
-0.0073125161654867266,0,0.06845036680970293,1.4889436671934675,0,-0.9250825445479516
0.03363005641513894,0,-0.0863103165556799,3.5344057115376186,1,-0.093632652607891
0.6346652782313051,1,0.40752852254214017,2.5320311008931724,0,-0.2745722973131608
-0.06636163434902742,1,-0.39722598376301377,3.287781883280031,1,0.09690300899309423
1.480778337403817,1,-1.957704700389777,0.9392355794719898,1,-0.9227345938520051
-0.7377372684782568,0,0.07780009613088436,3.6913288644721156,0,-0.6338678239098816
2.006907471233597,1,-0.46059713094687194,3.28459322686909,0,-0.3238518767344176
-1.5686342669805713,0,-1.3769205899864945,1.4086631987063831,0,-0.1686422893957793
-0.5023188175029065,0,0.7806849585133502,1.2860352326363766,1,-0.8041507349002015
2.0407834893942933,1,-0.3802459309044364,1.9641946669416819,0,0.7799729291111237
-0.12421569684977651,0,-1.7452344984921695,2.5761140326576495,1,-0.015233586131935484
-0.17323399671562023,1,-0.07476547591140491,1.8367903255888192,0,0.9043185861124778
0.6691478026461266,0,-0.6747657351865359,2.6477308022336095,1,-0.6016540446468084
-1.0090402160471132,1,-1.701547231680871,0.8421850424184949,0,0.06785757000130777
0.5110876825545023,0,0.3121866530082499,3.343854548884619,0,-0.13736539892113853
-2.9660057073481507,0,-1.0505590908177165,3.2027158785891983,1,-0.790474717992915
-0.9055129397256281,0,0.7183707994201295,2.9025244224038835,0,0.4525206465046854
0.9365248400687565,1,-0.8974894408905288,0.9783528968222963,0,-0.11253270693956319
-0.24142700695203617,0,0.9770463907409993,2.9826283283842328,0,0.6641485165818799
-1.022570044839358,0,0.42542349330680757,0.9001625185677962,1,0.061678307980890246
-3.0658785335689354,0,0.10860989649401952,3.3989252370997427,0,0.6918909816450662
0.6625469688097192,1,-0.7558353863887726,0.7514807939877866,1,0.6414344155585034
0.8339469576633365,0,0.9048106333942383,1.8049280389646283,0,-0.673535238168206
1.4135443345693075,1,0.5035555256387272,2.845692480342454,0,-0.3059753801920153
1.841879659770034,1,-0.3623992598437042,0.9616408445319342,1,-0.2335588744560564
1.8582241408852593,1,0.5806373004968258,0.09394297991102674,0,0.35690131507895884
-0.7027657555641671,0,-1.025582129039646,1.48036631467175,1,0.3404253748458477
-0.332729685653932,0,-1.2797658541434431,1.5223943701967355,0,-0.5567743039936872
1.4576475843230323,0,-0.09556646615458163,1.539049124630151,1,0.7673260331202127
1.1192355139715109,1,0.07111677562661421,2.122988012940169,0,-0.18572892350782988
1.343108871541972,1,0.4279065926220888,1.9211041849522006,0,0.44461229230602717
-1.0102285523914531,0,0.06504682099373235,2.049416279890708,0,0.9339863063673102
1.6483546512843663,0,1.2407134695340423,1.117984967709203,1,-0.668952155525816
1.707044440765655,1,-1.2905036510715335,1.536941896892035,0,0.7906186379570279
0.5694327921880229,1,0.5683262643773473,2.4098264361461976,0,0.06712111429951917
0.601589045272434,0,0.2256430364650732,1.040311634359726,0,0.27249194404782995
2.153937246636188,1,1.356210962323362,0.8323242085053453,0,-0.256302788997117
0.8752670683715884,1,0.12491592994390054,1.9289355304568465,0,0.7654057843838764
-1.1623539011159525,0,0.3163037764618085,4.221199515663951,0,0.8817592143700408
2.1420279658661543,1,1.7612839522939678,4.15880102501185,1,0.40578426795372313
1.8847486923832624,1,0.7962909568972075,-0.38852986623429064,0,-0.6899454299650258
-1.0002848522847294,0,0.6085557305811135,1.5223383370142507,0,0.6207934197705387
3.4021513885342274,1,-0.390133105339669,1.8234608693693455,1,-0.13047644445523643
-0.10627985208969642,0,0.13895000337598934,1.8395062254541372,1,0.7639806700971428
-0.9515071921375775,0,-1.652412793602601,1.9144377505134536,0,0.1619599501097635
-0.15995964984380046,0,-0.8437253945863588,1.3584310141823193,1,-0.1314897086569855
-0.18908955408490602,0,0.646993343821664,1.7642299039846163,0,0.744410332101487
-1.6915694158157493,0,-1.7791685933480121,0.8017159281389636,1,0.050714007487700385
1.1137807851194914,0,0.09289197586890749,0.3494019862818838,0,-0.632969220601231
3.26284753452323,1,0.017834285880714753,0.8505194174522697,1,-0.09966835015234343
2.724345945411439,1,0.3890987843396487,1.9593992762609844,1,0.7805165410525476
-2.4745313492814707,0,-1.6962976521915571,2.609862681397116,0,-0.23498491609922034
0.5094050039432698,1,-2.0308609927126975,4.326327507437689,1,0.49027308881866705
0.7825337845308479,0,1.1095620921907379,1.2968252350363723,0,0.09639607182677801
-0.4349669676435756,0,0.11071978558241655,2.9533804573177287,0,-0.5496992405980645
-1.5598383645510983,0,0.4101620779207335,1.9156558444291143,0,0.8680120286857422
3.5306910287156716,1,1.6166315172641805,1.603112536099859,1,0.4741287656811477
2.7220066717129923,1,0.17383804769089872,2.659158440010617,1,-0.06069686217028636
0.26833820240434364,1,-1.9641488844945374,1.8358121557835996,0,0.9834050916585273
1.9597694409089936,1,-0.31208836136520296,1.2110124838947938,0,0.969757111861129
-0.11312389324832967,0,0.8183743386987721,1.2518254367185278,0,-0.9702039825280817
0.410956792045542,0,-0.42541081606067477,1.0038389508101793,1,0.38586452748306144
0.850724374167609,1,-0.3028718904886414,0.9020453863669706,0,0.9439579187660658
1.3337622074991746,1,-0.6015574640831539,2.4335386984147753,0,-0.4474308543125314
1.7851446229448353,0,1.46787555171584,2.1867181136548948,1,-0.25844840232495625
0.12108396521850892,0,1.2433022356280494,0.8662147014638819,0,-0.2336499992944927
-0.5265408168822472,0,-1.8098024217575701,0.4898653130507882,0,0.281765553245958
0.02255416511547681,0,1.9042868571398057,2.931351463619402,1,-0.2374295716056789
-1.0384958028101192,0,-0.7740824775523911,1.7870235616816554,0,0.5677098811976204
2.030303963243174,1,2.0276390593976137,1.8441610167430673,0,0.10847766143184545
-2.351225392974543,0,-1.313934317016593,1.812244206838253,0,-0.6704163645564147
-2.143263456140256,0,1.1016167894344917,1.845601212888027,0,0.9029896987959496
2.8140954836064926,1,-0.5664299760602932,1.0672492521242631,1,0.062030486287329545
1.9896424751919755,1,-0.15572100648652631,3.1343290865027438,0,-0.29951970406733586
1.9695950082554903,1,0.8833741115317979,3.0550120827170053,1,0.18960849028364635
1.7551186848294762,1,-0.7396563487049032,2.121571142732351,1,0.7824563669951685
2.5589214649150023,1,0.3153126804328695,-0.6144985480616088,0,0.5373241358416971
1.538692314835462,1,0.3074642153973558,2.022904908825968,0,0.0420266745336253
-0.16854561811525876,0,1.1912660830596307,2.025197470179656,0,-0.09869378174707366
2.866534217703983,1,1.3666571867878297,2.6058133663823586,0,-0.46450005319744525
1.997808997608176,1,1.8790143846235494,2.471581253783622,1,0.5533805951838884
-2.141259545811659,0,0.3038701652422673,3.2020874743923944,0,0.11780680178393488
-0.375279885357379,0,0.4087216807673462,1.785055951537782,0,0.30425161562059344
4.291498396924247,1,-0.5685938710464562,-0.3695357666283976,1,0.3905568865310336
1.582784207607061,1,-0.7668818194111915,3.80201941297583,1,0.7808051398409095
0.44293227488096765,1,-1.3211699391809313,3.948735691001303,0,0.8224857864776267
0.961136676023384,1,-0.22628348007940302,2.567249908966355,0,0.05126441822235961
-0.024312086651510332,0,0.15640239164433198,0.39664189543725903,0,0.6035294103598963
1.8828141818159359,1,0.02021704412551649,2.838018564274848,0,-0.9351642079335722
1.232434356436616,1,0.5733221219992888,1.9479173418635032,0,0.5978981723886496
1.4726773205733228,1,-1.3561959627608202,0.7743286876850917,1,-0.25760226013923737
-0.733574772362889,0,1.7326041361802638,2.7199647673026552,0,-0.824464883382418
0.9028545561975452,1,0.3071091335522432,4.6410752401148585,1,-0.24530496068310859
-0.03412869197394597,0,1.0932036776709175,2.1503954149189766,1,0.41744562325887635
-0.8288082948798505,0,0.34524752835984196,1.9834944838965987,0,0.5064942654704747
0.8117566665621497,1,-0.8765148304103874,0.9122084141265197,1,-0.36072835137783743
3.037903398202407,1,-0.32586528605569304,1.585328383665005,0,-0.598030167019455
-0.6022010836311388,1,-3.298281365499791,3.8673879027851723,1,-0.17941654851639655
-2.6838171455126685,0,0.21385169903685072,1.7125248257788024,1,0.5840937852972525
-0.11923123953307746,0,-0.06930605988926164,1.4542370367855186,0,-0.5919584155589124
-0.12675331533822798,0,1.2130145118061124,1.4855435239859789,1,-0.3691580627304476
0.5103876740671844,1,-1.7559602472831453,2.3287274657055583,0,-0.5366077436634207
1.195956519184561,0,-0.07858525308218464,0.9087383007478735,1,-0.9502166856577685
-1.4676723553649027,0,-0.3054075555059961,2.4701796332832933,0,0.8971337179713228
1.5830956440042114,1,-1.2631874259731077,1.189938381234974,0,-0.5269751418974602
-0.8822128224940845,0,-1.4681595891719548,2.6571664886286896,0,-0.7233786340705668
-2.668298875120156,0,-1.175506223315103,3.7191736995028624,0,0.35199573168673504
1.0851425756520254,0,0.9838877103433602,1.4806032489441359,0,0.8888388939763106
-0.26403009339206074,0,0.9852950466217757,2.3424539342559454,0,-0.050492367258828885
-0.29566949724078784,0,-1.4399460110076772,2.8682618135715154,0,-0.4608180902200858
-0.9607430337844053,0,-0.1667317067695818,2.695273209417529,0,-0.9116462883725851
2.396758726488698,1,0.4733881217667407,2.535206281144871,1,0.49977224378763285
1.0572881103885392,1,0.3256598950248318,3.3153922396993374,1,-0.6812209751869187
3.651846939867581,1,-1.5184773238985037,-0.43297347230169736,0,-0.39013347785999075
-0.5343743089368754,0,-0.6016743703728976,1.8543804698046427,0,-0.4532136989981361
1.855304599604311,1,-1.4357355971273,1.060097114270464,0,-0.271535209391379
0.5496152583342204,1,1.0164110792210495,2.4078016309649763,0,-0.01748301101950256
0.8786973377014301,0,2.5953057892709652,3.3787673453554556,0,-0.6008564559686322
3.011184143493952,1,-0.049870988657867016,2.271852434416311,0,-0.766957297566629
-0.24515213790175383,0,-2.145682439471808,1.4586623373464946,1,-0.4989068335464717
-1.9612520950406753,0,0.818562921178708,2.6250182766982206,0,-0.14313143656215677
1.4437689940805964,1,1.556836033814229,4.390051266157872,0,0.998384856173256
3.238167645925316,1,1.4786722425639764,1.7977915240379605,1,-0.23456923001258745
1.543381574515382,1,0.16464033553377755,1.8606488542917794,0,0.6214340100919422
-1.668160021427023,0,0.52981517165108,2.480004420719233,0,-0.6354954630080523
2.6968617128757764,1,0.09485342608353617,1.9085604542618584,0,-0.6002644865056552
-0.32127979052850486,0,0.7205558382104725,2.9927955679190252,1,0.14290693179870528
1.9186724621149436,1,0.9414142965666901,0.8588343602805484,0,-0.6783216612455176
-0.3550104848418061,1,-0.7535775639781976,1.4694154206794805,1,-0.9552147761947598
-1.3238044071255417,0,-0.5865078940029386,-0.3945209497683302,0,0.35209243454670625
-1.6748308750103291,0,-0.34166947340447684,2.0963367352391926,1,0.6420778682285995
0.22281877705967135,1,-0.23029954615504097,2.243959507413262,0,-0.9716706759120604
1.751742189790273,1,0.1917306325733014,1.2830975907318347,0,-0.28632090816423994
2.2483497126725487,1,1.1186591144716234,1.1477975065868313,0,-0.03677394220011543
-3.441635055813901,0,-1.3065700494814527,2.2869885057838015,0,-0.6695711980642514
-3.584507607655625,0,0.918506037716482,4.72700801500331,0,-0.7351074054655979
-0.5874888731534501,0,-0.19701112597632026,0.7191442008265758,0,0.3996893036460325
0.6760770782974521,1,-2.866120422024379,2.473922970659119,0,0.8650187140140286
-2.450130556422473,0,-0.39870945345136205,1.804678316671319,1,0.4141287192048828
2.273456766226259,1,-0.27288642447775174,-0.5215306774227244,0,-0.32893893202952906
1.7365459052488992,1,0.5482101233724942,2.9082807439786573,1,-0.6046345269005613
0.49823829247193663,1,0.5895594100868586,2.1375084958708284,1,-0.10344868693478593
2.584626033764537,1,-0.0063655656100685765,1.265508603564308,0,-0.327489507199884
2.8575409432652084,1,-0.8144440984400665,1.8949366791423898,1,-0.16262440490618357
3.1281588591570606,1,0.952767151660557,1.3800735883637374,0,0.2643581761730702
-1.1930193673525156,1,-0.6771303601805604,3.3818719251799716,1,0.23881138233850785
0.6245406976332286,1,-1.1884473582062454,1.1570905192680785,0,-0.5937850404748888
-0.23420446051775484,0,-0.6414924935148422,0.3669748235964143,0,0.7790614431919212
-1.8859505997354757,0,-0.5386043457198505,1.9512247746735825,0,-0.7378965453958626
0.7184070436136412,1,-0.11411254639208848,1.2980875661385636,1,-0.09109881665959096
0.020924169551151617,1,-0.44795342821835854,3.762237143915835,1,-0.2146471021870171
0.0502778384013195,0,-0.364371031575872,1.79771154644866,1,-0.010580031372038556
-1.087127743225243,0,0.7416238672867742,3.329872664288497,0,-0.9566917697236346
1.0950799868936427,1,0.7965007499078177,1.877314344057649,1,0.09403514791058165
2.8905359596467446,1,0.5328525133448193,0.55003199860603,1,0.047757813944625305
-1.7740220805609621,0,-0.3094445874119776,4.357756065949623,0,-0.4967016801571098
-0.05709021263703462,0,-0.6672574107598113,1.3530369498432657,0,-0.055211198962845875
0.02523961378422368,1,-0.23177394973290913,1.5244873640723546,1,0.12642644255902158
3.5650546962810923,1,-0.1466948616347139,3.308447984155677,1,0.7155661946545511
0.41929929845614733,0,0.8414470814896705,3.270207821773738,0,0.2855533171334075
-0.425117690188597,0,-0.28021781072854285,2.6039098896202892,0,-0.3054516338161197
0.11675775504256014,1,-1.204723161366088,2.52696088497955,1,0.4506427161411739
-0.7847172247650948,0,-0.8372745986406598,3.9948291721877265,1,0.3315627336235194
2.49881413565363,1,1.7641854314165915,3.710670562554906,1,0.5651902896060916
-0.9676259641506494,0,-0.9326607907742017,2.9900080400160265,1,0.39290334834876806
-2.7296573070590915,0,-1.2637968095703906,2.2328330025145835,0,-0.582844098639236
0.3128348243123145,0,-0.2916695035468279,-0.1714256417317599,0,-0.43959111801488504
2.771761799418949,1,1.761065078457066,2.4186420358248575,1,0.8222227175034449
-0.17178052243225922,0,0.09644075142945095,1.5767333500137195,0,-0.8698655792631493
0.02813716337124772,0,0.2926485943766355,3.8726248814903776,0,0.6583708500577115
0.5793003051011736,0,-1.5765627161771831,1.9185470204289023,0,0.3675498199307019
0.35095854443337515,0,-1.4988264436558307,1.823119172764061,1,0.8487277094959469
1.4054371132208219,1,-0.002370720752295058,1.7466381583746835,0,-0.9291675263785337
-1.0826960695524717,0,-0.45761157615009496,2.654910578171631,1,-0.3630854012190423
0.3706736251207775,0,0.38966089072657867,1.7283673658552021,1,0.783829588894458
-4.926379418505185,0,-1.1024755596520626,2.741300741321458,0,-0.028465559305677735
2.699945608634735,1,1.0530490049220758,3.4611688581374698,1,-0.6622105417917306
0.8241490335107364,1,1.3574737936617876,2.234474249972279,0,0.6719927665543064
-1.1060123947516785,0,-1.5469052930246168,2.8598592936243974,0,-0.17075049791767993
1.4854409322893674,1,0.2451375259066989,2.7808461914094145,1,0.16700042800734183
-1.173096562996113,0,-0.27922359804134816,2.7982167844560784,0,-0.7710195075943111
0.23251367431542858,0,1.4426064179919957,0.5571480469526475,1,0.6136688014480669
0.05052764550724592,0,0.2258293865454859,1.3207182370190171,0,-0.5701855518918542
-2.097831271108018,0,0.9532519294086893,2.482579556421469,1,-0.27543520048222336
-1.6092839206130503,0,-0.07627029032344944,2.545281674004139,1,-0.42035523618101367
-0.2932808664201396,0,0.31418918843813437,2.2157739190766876,0,0.7839933777593888
0.8570832291030421,0,2.1328267279434474,-0.37268062305336347,0,-0.17597492239335932
2.325896668119891,1,2.0763609615652903,1.0820162118122765,1,-0.00016310785942685868
-1.530430486186696,0,-1.6964341654092068,0.06966987650240264,0,0.9976631650191554
1.1071543132235055,1,0.38124370002251756,3.7485815977335477,0,-0.414655665693183
2.5515545203856203,1,0.24128917936270375,0.47605541705825316,0,0.7389446238792066
-2.3660007096386186,0,-1.073784938812438,2.1659799355583798,1,0.772411879323323
0.47189074420536564,1,-0.7680064476782985,2.861602106444272,0,0.9081202284509287
0.020879663170528306,0,0.18493811511317118,1.1429047470695148,0,0.0019064725555673068
-0.6481776597719338,0,0.9560028014645962,0.7408656951730832,0,0.02039349434182891
2.3485258884232394,1,0.5231130768974631,1.8717513588169483,1,-0.1894976984190324
-1.1922627296971584,0,-0.4187344881289365,-0.18473238217429566,1,-0.07794837443662694
-0.026267722131311455,0,-1.0611655106573399,1.9014559609731478,1,0.9734710098971553
0.04981065438091686,1,-2.0932911189490673,1.3470639199443255,0,-0.6475509134041044
1.3198531576712362,1,1.5400108009343136,2.397495568501219,0,0.13119534363458407
2.4240600020507967,1,-0.5567458726781775,-0.01979324265278759,1,0.973591945081351
-1.8815033396156182,0,-0.859431131784768,2.6510447969674797,0,-0.19633586191623542
-0.5037876608258188,0,0.33762718700328515,2.992922869655832,0,-0.14761810529305164
0.7452618173942185,1,-0.08589544934352958,1.1343622271308582,0,0.198011654500581
-0.2301326197464636,0,-0.016658195313077225,2.3797191281186536,0,-0.3923316103115655
1.8990160026704779,1,0.6571694714517146,1.9508385854152015,1,-0.03990030953476187
-1.8208338023266504,0,-0.4862176363248928,3.5934431605032673,1,0.40804721617452877
-0.03934029106411718,0,-1.0576905034118835,2.765597815214991,1,-0.06666522807311437
-1.029440959025833,1,-0.1425394321577966,1.9286233859457884,0,-0.4339735091600643
-0.456421608922848,0,0.06558599249815794,0.2839016741337852,1,0.5889073916231242
-0.9876375277444471,0,-1.088433852713202,0.657814846030222,1,0.14029756726656806
-1.4484805351127192,0,-1.1051316130689628,1.5350564746372324,0,-0.23262429718017175
2.356976085656364,1,-1.0473827144264265,1.1640489263461,0,-0.4851653107937721
1.4295374322359788,1,0.8158212108749436,1.3383246043774153,0,-0.11459835189779399
0.783372411499421,0,1.384411899366156,3.14114182702506,0,0.9406850203041279
2.0155416504361545,1,1.2734803173401235,2.1906873687526516,1,0.18955964176585405
-1.9548327684143674,0,-0.9131233290810868,3.021295080463908,1,-0.7297210946884993
-2.135778269671905,0,-0.6937015850707444,2.0230565541474888,1,-0.8843146455092976
-1.0149628482160005,0,-1.2772158289153073,1.8769975690060485,1,-0.43908616055111716
-0.24855159274650784,0,1.836647243412608,1.3184093899112213,0,-0.4596425222453411
1.8701518434412923,1,-0.4842273542806996,0.8110924413961436,1,-0.7877131186799868
-1.2902479080306446,0,-0.037547531999542756,2.1526949174732684,1,0.3818771815112878
0.7783187814542771,0,-0.4759326991031575,3.410733030672803,1,-0.12468826353404827
-0.6062872966642617,0,0.16748631143076798,1.938002640150397,1,0.7589051843978658
0.574251985226566,1,-1.048618847400571,2.7512364356745636,0,0.15139907901964644
0.04577364979150622,0,-0.6203748190111922,1.0153891324962911,0,0.6363210615285675
-1.8994496565763506,0,-0.912111591707082,1.6762298397993312,1,0.15520946651061007
-2.187659826035746,0,-2.365151852847625,1.9812021048311013,0,-0.42379719735148846
2.173338870069357,1,0.2544660621797446,2.2295217775506293,0,-0.5510991961070295
-0.40328744835025787,0,0.7380134893152888,1.961280749230679,1,-0.2338048400357302
1.1688461022302041,1,0.9699765270811016,1.9809142200532066,0,0.2606578983644472
1.830878462596405,1,1.5590616194624891,1.778248662017736,0,0.400187185700702
0.2638291502706332,0,0.9497350801061777,2.5062569052799377,1,0.8241662291477017
2.2336358356497006,1,-0.0722585229843921,2.408272617463066,1,-0.8189466002940948
0.8010637510048436,1,0.5429736665115819,1.609370499557741,0,-0.6754006984555416
2.3856106210859727,1,-0.5311270037526749,1.172016243660507,0,0.7480516502398837
3.3063914070500746,1,0.7926580802049668,1.2385103477287278,1,-0.7441050348924958
0.7236017013068198,1,-0.2873019382325629,3.702894180979826,0,-0.35977950229719613
2.7390875833005257,1,-2.3250638049077157,2.331505083214369,1,0.5431821863438255
1.969407946637048,1,-0.03154828279802276,2.9219781797764828,0,-0.9964968717875016
-0.937419491384742,0,0.06120920138064195,2.824473325768949,0,0.7553797943135518
-0.36423756568044097,0,-1.1751005206111445,2.095561291116069,1,-0.7712211752052958
-1.6555837405737188,0,0.4741719418941974,2.344838888446125,0,0.440623465027407
-1.681636303308406,0,1.1869931829051823,2.418426077395764,0,0.07871760231666003
1.3086325279958457,1,-1.1561001745806998,0.495048469131123,0,0.716389066844092
-1.0728770487219472,0,0.7559600094975586,2.430874107643569,0,-0.26367665236472004
-0.15497214758450806,0,0.8673847999594458,1.325142067533174,1,0.5314106957815403
1.2136232077180467,1,-0.9503845564775297,1.2658927077787925,0,-0.1433840887435185
1.8681829675241073,1,-0.4430936763863921,2.288473368837832,1,0.7628365934589811
-0.875385823443422,1,-1.0932002251357014,4.785924812834573,1,0.6547717493661591
2.865308982902553,1,-0.5787150867643474,0.3125325873527556,0,0.366167575835322
1.1734206873117088,0,-0.05000516082539607,-0.03586378369696952,0,-0.451910557177138
0.4729364787430741,0,1.1662185096364577,2.1032181006726853,1,0.34296733716424677
3.2641111586905693,1,-0.6389167608508448,0.002967377139937666,1,0.4328733803264344
0.466903568279372,1,-1.5546729575658007,1.8567835880608368,0,-0.01120098009467263
-2.5775950806666046,0,-3.1444535241908174,-0.08631325006989465,0,-0.6013236745518065
1.4235309858870924,1,-0.6694559069194285,2.4496759223312097,0,0.2562161148458484
-0.45342309825918703,0,-1.3134511982631976,1.9411101438873475,0,0.042667072298554265
2.0739989743229197,1,0.1855768809340296,1.0727433450484782,0,0.5960582173829252
-1.0254185606197834,0,0.22940883478981464,3.215341057736652,0,-0.46297613910705926
0.5977255493523619,1,-1.586943796027797,2.1900157022712166,0,0.8336686545007752
-0.3205790530338918,0,0.3622872669937393,2.628677933819418,1,-0.18894705901829778
-0.2875492411817013,0,-0.2115901377562703,0.8262445780115095,1,-0.8273805784385895
-0.4656961524412438,0,-0.25318952147688173,2.372967877592564,0,0.9797811006417869
-0.955653242363146,0,-0.5205833525963056,0.858875161873254,0,-0.8034634495483965
0.2120029619260646,0,0.9604080077690628,4.375093350896735,1,0.27399461164256356
0.9630759039123056,0,0.5945747896196119,2.925233163748576,1,-0.7559137363236326
2.7505711935263197,1,0.18721580092320755,2.183381879483427,0,-0.9637969162370796
1.6386748403012745,1,1.1509257355464502,3.0919171233739426,0,-0.1420617764520351
2.5488413407057884,1,0.03472766064481304,2.1592560699774324,0,-0.11027921211981528
2.3345929879504337,1,0.1386842295007149,1.8214929586423214,0,0.9140404377814488
-0.19254534522253597,0,0.5353032142754454,2.1532592641266377,0,0.6535790631120055
0.7774178066928701,0,-0.2704086459075077,0.20445096997539247,0,0.5105799901250552
-0.46851270903614584,1,-1.202013520275905,1.5576538689936714,0,0.6994889532795141
3.0486056503120484,1,1.7624420824050793,2.2251856900114584,0,0.38796005024001134
-0.8022377551596773,0,0.9430162036672495,1.2665979207325517,0,0.006951207487085886
-3.2001990006114225,0,-1.2994451311376942,4.092355616103356,0,0.43546328071022855
-0.8432385794892989,0,-0.983210551001072,1.6386107142843898,0,-0.7922684956708745
-2.3807474087020912,0,-1.0656478622043413,2.252211126455614,0,-0.17092767784126384
0.43593301811466273,1,-1.5236627981905368,3.9878768364796655,0,-0.07696158584616009
0.3129132153677979,0,0.36207727551905056,2.7951343801589714,0,0.17437573575078402
-0.45775196141199065,0,1.5021332116174848,4.148321714660086,0,0.1351721745345802
1.5692934409225192,1,0.3871373352740951,2.161050864538093,0,-0.28248817291052886
2.156727837459151,1,1.5591738400149273,0.48796451697194754,0,0.3058239359530306
0.5874523458752853,0,-0.4182805683729029,-0.48224424837344193,0,0.9133545023028153
-1.6573822695400147,0,0.2629499360291178,0.7508348419072837,1,-0.41775930280513873
-0.4885411383252213,1,-0.9266087966643798,2.2152572316482284,0,-0.08043437009333299
-2.098340434770452,0,0.02148817995541282,2.936323067288237,0,0.4715629587405259
1.0885419259235904,0,1.0740805683517656,2.9985471486001063,1,-0.3719625228443766
-0.7020198774359084,0,0.7135391135624355,0.6658591225955242,0,0.4521884674663852
2.3749638952753567,1,1.020333162492663,1.3192131330086005,1,0.7811933524523511
0.7318226352797947,1,-0.4077194115975043,2.448766762160589,0,0.7368340886644631
0.1545484731691763,0,0.9126467209439604,-0.22373821019979534,0,-0.7964230504031697
0.9162553561796525,1,1.4502095309120435,1.0889569713603022,1,-0.1338111941916793
2.4170687612291957,1,0.5635606133838962,2.218109402992115,1,-0.02603656533407195
-2.7260848118305026,0,-1.3901026675375114,2.163060680416463,1,-0.5925618488762721
-1.2051509554505246,0,0.2823308599674496,2.9238729246805963,1,0.693496888628589
-1.023633539620562,0,0.24427374700113924,2.088850511428529,0,-0.04495392516076557
0.346564128871665,0,-0.6720740812092771,1.6654872047575826,1,-0.8610693534331024
1.0972087377618636,1,-1.0307907721450322,1.0807718179788965,0,0.13945709323207356
-0.12160706789715137,0,-0.8123496176808882,2.2910394993326237,0,-0.760905932727689
1.0811057228122367,1,1.148899199831887,1.6972317701033572,0,0.2108563869492257
0.14946038133062878,0,0.13300045002096747,2.7536294006000572,0,0.0009686427860664537
0.5967588664277389,0,1.6709131026872746,0.6230736733613313,1,-0.3666980378117797
0.05650799048430294,1,-1.796981244125087,3.777815318555742,0,-0.759466448272599
-0.9096069262806461,0,0.4224902941538688,1.2751223831599845,0,-0.6011758054510004
2.841642139146603,1,1.600164391266138,1.5810117228688305,0,-0.8562540016131446
3.998097367002498,1,1.831389569460384,2.705418065067875,1,0.818976928923594
2.0640164341688285,1,-0.5391251915795402,2.6354857066874824,0,-0.35851452199364653
3.0307349593219657,1,1.5913390411346222,2.5289044234538673,0,-0.25956916802379526
0.05027218541551226,0,1.093947627537835,1.3806679745165407,0,-0.03901334449355387
3.382921069155003,1,1.1823417891137982,-0.17213148535220624,0,0.2149834363325338
0.925407535773938,1,0.21409418718645298,1.810933328289255,0,-0.4579376839827032
1.9719441201450436,1,1.010165039461329,2.6938585871152423,1,0.6373705265319045
1.2418605134616028,1,0.9151401163866373,2.4265827337345556,1,0.3435028903634467
0.9760566505967093,1,-0.6023938575336232,2.9400065497653385,1,0.21056798357317952
0.37889123067243524,0,-2.7019696748942175,1.6170682826452052,1,0.18711158870337674
0.4464304380326122,0,1.1420493170462718,1.196392167209971,1,0.6537888173767248
1.9026889181802775,1,1.0666005675468448,0.7837838043067988,0,-0.22020281651609364
-1.862819376035243,0,0.752520515106391,2.565320187108753,0,0.21231370066702993
1.6885972607352948,1,-0.3942583664055034,2.2138206733629184,0,0.6471229837008545
-0.033691409104717795,1,-0.3959066146045071,1.9376940487342411,0,-0.35447019494880694
-0.6402811402981329,0,-1.5634472343389074,1.9154871543964636,0,0.09140862734126687
2.4862989557139596,1,1.6336577240574144,1.7085249253765482,1,0.6242033803350386
-1.4106263097133447,0,-0.07298077442661945,1.5834517218724433,0,-0.6035526082364824
0.7973239814244237,1,0.8563446666291243,2.6569635699631418,1,0.9190641629495286
0.47704944224940876,0,-0.33466803554517016,1.2154759488485434,1,-0.5497171080471197
0.49636041786210794,1,-2.3374335599503904,3.5163482992550286,0,0.08125730024058098
-0.324120512541902,0,0.8084841100937823,3.51305847822034,0,-0.8417984949224726
1.025414200656284,0,1.2334047832692312,3.7194113070130075,0,-0.43421636025434274
1.1468379108355493,0,1.8779157343375743,3.2355296849648427,0,0.2985874472696146
1.0830986090709658,1,-0.09382123971504851,1.4165443021262432,0,-0.44258459370007674
0.7523927017946901,1,-0.4584825344201093,2.9382395251734224,1,0.08468867376836298
0.31925299969680904,0,0.17136503388554886,1.8938465446987558,1,-0.3913674966346723
-1.0123526843826545,0,-1.021878980589328,2.117458781845622,1,-0.7653499172140756
1.4117801309869384,1,-0.8579712930762587,2.4643090427690995,0,0.10078749868663417
0.4693872561933806,0,0.6293350173408212,1.7776445095458324,0,-0.050299882194488
-1.1232001507927762,0,-0.21860943483725345,1.9988490911997845,1,-0.00891776664945576
-0.511984301773823,0,-0.5142328876888154,2.7389657006766033,0,0.7243630626835642
0.9467554116935413,1,0.4038391461860933,2.949366451610791,0,0.43661676221561874
0.8595017640199054,0,-0.3350595800581669,2.789958118086134,1,0.9510834582964531
0.026602926527027775,0,2.4210069575501385,4.536308338883231,1,0.30468858917141284
-2.4522455334352493,0,-0.2807919432837501,4.129289866672991,1,0.3371848447794361
3.0316276441357672,1,1.5631731284362487,2.100714679002945,0,0.8439386289268922
1.2332066836056277,1,0.7112323067828596,2.1384734326829355,1,-0.6499364488316717
1.186179958370011,0,0.9837439699469787,2.431386231137508,1,-0.2607926407851895
3.017140685235435,1,0.36769378094808336,2.649965940555724,1,-0.613997108184041
-2.3752555816157255,0,-0.13749834849424247,3.6200905758834647,0,0.349486794329269
-0.9037578421098083,0,0.010680397738867918,1.316468611066247,0,-0.540367611487854
3.696681281063351,1,-0.5949349536888765,1.3990444623949343,1,-0.6865187939386919
0.10715679715771825,0,0.38030264471534925,1.8939527676763597,1,-0.044658962910857136
1.0167872441947834,1,0.9791191081898012,5.035759444364334,0,0.6249123320840775
0.008039787293740636,1,-2.4287469680873306,3.3390396386599255,0,-0.22187415151433876
-0.7292462277835002,0,-1.2608678867963687,0.41680002833131913,0,0.0227839763539488
-0.7140583994077652,0,-1.192746587644053,2.129354763921249,0,0.7531044421081641
2.0752427517566057,1,0.6534838707260533,0.1700653903363436,0,0.5438069926230957
-0.48028650505061427,0,0.6256422819546147,2.4403595898693915,0,-0.9408054903863421
2.564958765096218,1,-0.41274271788082045,1.8196726652267332,0,0.48670522102389024
0.9529608906846316,1,1.5051230050745619,3.343067250346417,0,-0.3777025502969189
0.4647136073076783,1,-0.38051327467819823,3.3555737524707743,0,-0.8861101354891119
0.49895488273614474,1,0.5392331718505845,3.7299322693585397,0,0.31668746380850665
1.1382303104076397,0,0.7962271595849018,2.385490402422809,1,0.7061323085283278
-1.0413736368370916,0,-0.16402635907983296,2.695539365079182,1,-0.9689616166520669
-0.8807029882943243,0,1.0381741150424166,3.2220597409291134,1,-0.17231472664610692
-0.28501315297470575,1,-0.37279140612747835,2.6994186610200064,0,-0.11928724928365875
1.7728242449176184,1,-0.02278255470400007,1.2458828225923273,0,-0.063401459832088
0.9551577771135624,0,0.10685294414311698,1.1266991208614616,1,0.45077265767571806
0.8746294683766233,1,0.7518011315268861,2.5645738555628896,1,-0.5715418920746134
0.7914180385478022,0,1.433009005129453,0.401688810535185,1,0.12771330696878724
-0.07009703227989417,1,-0.7637661777265387,3.713242658051609,0,-0.2247758113257452
-2.4576233592421692,0,-1.3856601618495727,1.114123763135837,0,-0.016626930376226312
-0.022146515269216183,0,0.6588919587622434,3.254790933768045,0,0.5893429994069785
-0.49098356162788426,0,-2.102142557036337,1.828860286028542,1,0.23145709981110185
0.5113000377787444,0,0.045467292984670386,0.4994213632758002,0,0.8304500698101978
1.0222998868041646,1,0.5744307394152808,2.2855881702488445,0,0.708991431269735
-1.745678902431437,0,-1.7590779577574984,1.7108358913230295,0,0.19945261786477908
2.7314028282760314,1,-0.8453161072164137,0.6951263075892886,0,0.2512633204185688
-1.0362726983661368,0,-0.3130360765040499,3.105251249658466,0,-0.6061021385712397
-1.0594924091499986,0,-0.12168508282791735,2.1311961353962867,0,0.6063572748430142
0.24447859052690535,1,-0.007696672022563384,1.9489925011551963,0,0.527866214004937
-0.8502958796188735,1,0.39564381219460665,3.7459604434913834,0,-0.42922185953350245
2.2336324485919667,1,0.6886267687252113,0.5301838575819555,0,-0.794831347132384
0.9166836038185733,1,-1.5850903855282876,3.565072656095566,1,-0.2859693196495099
0.649678046696416,1,1.2443203162991485,2.736394027772177,1,-0.6019791154307126
0.23001684780827802,0,-0.2904343037086592,2.4187590987183256,0,0.7792703501287037
2.1797109348316313,1,-0.42078459331369455,-0.5377470915640377,0,0.4933751956043968
0.7028464192691933,0,1.1086152742269468,2.52508870656476,0,-0.06414949378637025
2.53645527024232,1,-0.5412417418644391,1.681793570968027,0,-0.7172010845452454
1.2320240183558826,1,-0.8793930019698267,3.636983532335911,0,-0.840040946202455
2.809243913292022,1,-1.8903918580193932,1.9391779949371193,0,0.6331787168783829
0.5804363598378235,0,1.2576904362254495,0.5680878345130818,1,-0.5572324323772877
-1.5325595787052193,0,-1.7862833690950033,1.4514678659514733,0,0.6475032436716834
0.2743973111317495,1,-1.3181192472518692,1.546716218306066,0,-0.08919871584977801
-0.12410038571326698,0,-2.1295355063165187,2.3736033260005156,1,-0.7576836287692945
2.1760923076999066,1,-0.4004700974749094,1.6976037297697117,1,0.9706058622933544
-0.585922293301446,1,-1.8693331289194155,3.133949341213733,0,0.43311126172632797
0.49841833913241396,0,1.1727282169315563,2.7652144298193737,0,-0.7802510846817792
-0.1560645978311419,0,-0.688639342354626,1.4349346355347286,1,-0.7230109360245041
-3.1927131316743016,0,-1.1681476592756794,3.9306080058435935,1,-0.33389199131906544
1.1322187496390113,0,0.37658930198360024,2.282228182269247,1,0.7505422432762956
0.8834091096128611,1,-1.0778056377096286,1.0015851070942658,1,-0.1860177907607672
0.5470655421418678,1,-0.12638169184356488,1.4200650584406236,1,-0.8428050544084207
2.350100661251197,1,0.9097655873181997,3.4046727116820943,1,0.3368267782269636
1.5903182442843835,1,-0.8043225951234667,3.3209032436266064,1,-0.4238982501090589
1.711064746736416,1,-0.371349991332213,2.9100142483873324,0,-0.34248631268556706
0.5814354492975136,0,-0.7407313138791323,1.0519230009109721,1,0.3547377233537483
2.4138897416830103,1,-0.312448228374703,1.2614181071328616,0,-0.38075539514794987
4.044728346982254,1,3.0582441102332045,1.531643011271861,1,-0.9247121180038045
-2.4968989137194173,0,-2.132016264817161,3.5837354089965636,1,-0.8566508839215989
-0.49940461375491374,0,0.9132354555012209,1.9994504243561253,1,-0.9065103056266084
2.815465455712217,1,0.05843329965831558,2.688140846187,1,0.3901885221323611
-1.0402729061546352,0,-0.6964106830988263,0.4625001551343624,0,0.15021886532665207
-0.07894502888134558,0,1.0173857466094558,-0.3350612421161352,0,0.22208281705034394
1.4605565533017946,1,1.250881546693234,1.9293960368730199,0,-0.7251729041525399
-1.1825424172367218,0,-0.8990632158521547,2.528893365412219,1,-0.769978269694348
0.4689167158750932,0,-0.08744936621567806,2.1632706870220244,0,-0.16670132370207202
-0.5455488256154813,0,-0.6093332617643927,2.3967845460631203,0,0.7128412597173901
-0.6808401856027548,0,0.4519446512261633,1.8147457998165752,1,-0.9569882049652081
2.596161768876607,1,0.17976040336809063,2.217839196109585,0,0.06932586306195376
-1.039270422975613,0,-0.016661709765267454,2.4457484325585552,0,0.6730221648308135
-0.7187335620950803,0,0.43184175982232637,1.6478710753242605,1,0.6360280991506717
1.037272705850811,0,0.5121949218678545,0.7193853902596918,1,-0.2953114632699263
1.1491309661839817,0,1.4878521219330219,1.7054568549247997,0,0.4514855365383257
-0.05911942067960396,0,-0.8607677232705223,3.2872986922549385,1,0.5775124763481285
-0.27054796931842195,0,-0.06379280926132148,-0.3612344161235126,1,-0.1337413275162822
0.6376456770420699,0,2.4499684113992344,1.357542311105377,0,0.8583533556478871
-0.3639661276958277,1,-0.6353915115616864,1.9973855821333903,0,0.7146494968371739
-1.373971587019558,0,1.2334613148823352,0.5601626490310863,0,-0.06045342565541034
-2.582247523491077,0,-0.9766994690945054,3.59238453680181,0,-0.7936934737324093
1.410612334572152,1,0.7288018392836302,1.8143510407213173,1,0.7682290034151604
1.6387629306726543,1,-0.17162335332779702,2.3173491493136016,1,-0.07950004821583434
-0.5777052540871773,0,0.41229933737392405,1.211157868182534,0,-0.5330870576165312
-0.38369995295135095,1,-0.2891137229419784,1.3892842431865469,0,-0.894724717836491
2.58461381170472,1,1.2993841208435204,1.8823773537549517,0,-0.012211544662005691
1.4246881954972161,1,-0.035151475864214146,1.5226774119474322,0,-0.2270100543393565
2.1036463224315627,1,-0.1648632067122413,1.446208252319092,0,-0.21682100240285784
2.5782614442270666,1,0.4791719646736637,1.0766503205789304,0,0.9694907060914189
-1.0992799727503964,1,-0.7062833879485895,2.5940436601043375,0,0.48098590135483277
1.5610386698235574,1,-2.33715134040259,0.5145842952874315,0,0.7735447642235536
-0.6446303046649655,1,-1.4999015814560612,3.1663126110975366,0,-0.12447779770536105
-0.7796628131235522,0,-0.7160862945356793,2.3696059086129004,1,-0.5156359700074145
0.9661376515704376,0,1.7214343346421057,1.7629752535888974,0,-0.936157693548807
1.2864504413237734,0,2.282626713020463,2.592343044706638,0,0.934047536713378
1.8011111720008248,1,-1.3427600910036528,0.6684754482281245,0,0.9216230348565766
-0.10328231380076922,0,0.16511730429141028,1.8193898395602448,1,0.4628938026850191
1.960001807780413,1,-0.6776679656379819,0.8916872959773303,1,-0.9730765104574317
3.32086779571804,1,0.25557029913936313,1.9250133453857814,1,0.25557296996526446
1.5151382036574952,1,-1.2813616989261385,1.3501396335762208,0,-0.8671283015260058
1.2643174976044373,1,0.3627074425533553,0.8299352916322094,1,0.6398486688287683
-1.510945819653307,0,-0.7961889191130909,0.9401618681254826,0,0.6811424802230184
1.7457308753667462,1,-1.189424601127938,2.2836721937557107,0,0.3194178570444499
1.0524518949412491,1,-0.6543493973288791,1.2219088144819938,0,-0.8905863440059636
-0.06583737659666511,0,-2.0137837210538194,0.7489602430410582,0,-0.9181605651557221
2.3839111868771607,1,0.6774952934304199,2.0889526596008365,1,-0.27899018058920655
0.3560799312667131,1,-0.8554006919556506,2.3616346067949348,0,0.6991599439707639
1.1697951613152977,1,1.4988748761319182,1.8374400229316956,1,0.6066689827422009
2.149161662562544,1,0.8406948885642361,0.6661754551276711,0,-0.823179406671043
-0.301055375140329,0,1.2398577404105822,3.11076598502373,0,0.4301519085658674
-0.6820779000943842,0,-0.40105143493418965,1.9185187218814101,0,-0.19879438201739608
-1.2990075147396,0,1.3357075192161314,3.3923617657669816,1,0.8214733164829671
0.0006807589481908072,0,1.3308161563575773,1.8642074251428327,1,-0.22867692116901717
1.441096790466942,1,-0.3856564045703442,2.904449567823147,1,-0.884295947479063
-0.9501377013338517,0,0.07839076233574165,0.31271506003281724,0,0.033410495154617026
0.07849044300851993,0,1.470021219768086,1.6075072128980172,1,-0.8259563289585838
0.7007493893875394,0,0.17595922263627758,1.520599105154693,1,-0.31545793359679997
0.3140821783800308,1,-0.7000633011294017,3.7354108230501626,1,0.6792137941168728
1.3264386961140189,0,1.1046056159437345,1.4019001911273756,1,0.8202110891005636
2.45541169876711,1,1.232617525673148,0.7349619006301291,1,-0.3685201502279922
1.4683423441947334,1,-0.88234372027599,1.4358361720313726,0,0.996487759903347
3.5173827105129205,1,0.46035033163182926,1.2192641654232217,1,-0.12816265035364016
2.4312147152888555,1,0.03832125554117738,1.9425769822466405,0,-0.8570232415889039
1.8339151009753314,0,1.1537293861023614,0.9762146056811565,1,-0.4215135638030705
0.6291281582284257,1,-0.728784668520646,1.016876197511089,1,-0.5215121103887772
2.2727942164703445,1,1.3471106573291551,2.7196713819651417,1,0.3011449698443158
3.3563497628968855,1,0.9519617379173241,-0.2876889960650746,0,0.04914912131809146
1.7259763884411505,1,-0.36031889135209216,2.687445841628326,0,-0.6030270952784298
-0.8685570515147829,0,-0.5356196124912529,2.9357643288577036,1,-0.6484159575455255
0.06760338302136026,0,-1.1668929579924923,2.931379997958181,1,0.7221730266122239
2.81093014006143,1,1.4495441778368265,0.3156893571312076,1,-0.5672455916921171
-0.05419971413503338,0,-0.9580230021856,0.49312266196226884,1,0.34405262877257403
1.7889900921320636,1,-0.17536953234774266,1.8406664699649695,0,-0.7957576359837324
0.41237938458965206,0,1.9371836764055133,2.027039819076169,0,-0.5640017397055352
0.3029346292991177,0,0.8258549143278383,0.40329329476301434,0,0.8301880717865975
0.5842699876856029,0,0.3343184707947658,3.0787571282023816,0,-0.7894293977316194
-0.08520136079569818,0,0.278021485081786,3.660556182113409,0,-0.2827382718781699
3.6518656781814034,1,-0.1808987787139476,1.342124227538004,1,0.1427412782787978
0.8713420878995312,1,-1.371928181643779,1.6252190459126996,0,-0.9499224822447998
0.4142867682723288,1,0.6038219974645509,3.772345030892996,0,0.4147050875669307
-1.6162435930610441,0,-1.1197101065670754,2.3021586773898393,0,0.13774869717371008
2.0792291361702335,1,2.184923749206537,2.2876259924234805,1,0.4251420194148041
1.483598190182632,1,-1.6150990399306113,2.164926938578187,0,-0.39690997269105543
0.8891466733167086,1,-0.26850388843576917,-0.030239404053625574,0,0.009396683908836856
0.9751764528140762,1,0.05498294330547464,0.9576736876280125,1,-0.9800157584225841
-1.41007473366554,0,-0.5876845776128705,3.2983655898691833,0,0.37172256076958443
-0.5753495221424123,1,0.05707917361040651,0.8282000359058199,1,-0.7917661077655549
1.3413529077771296,1,0.7222613304967771,3.0759657139341607,1,-0.2522920910743516
1.7590082318354772,1,1.4950851646256489,2.615107743872824,0,-0.9148257933461952
-0.8022985974141126,1,0.18080343076731042,1.095232492793773,0,0.38607583833677084
0.8742298151148784,0,0.02503818939055295,2.7494954791566566,1,0.2736861769560084
0.7253483064542967,1,0.4027367805951225,2.5110467941024153,0,-0.08381903439153349
-0.3553685188839053,0,0.08422105947201329,3.9007645089575194,0,0.26552508292519783
1.321844581842878,0,-0.7168459240797072,2.1527160712297633,0,-0.6593791206901756
-0.7603366951548962,0,0.04075335690625055,2.148979562574198,0,0.8848933202317857
1.3539441006944948,1,1.2918391914026446,0.8784887144869502,0,0.6683573440133443
1.786339146967089,1,0.14311025852327636,3.9256125935076778,1,0.4272538037285569
0.4633462629948344,0,0.038434933714030756,-0.21358835494904715,1,-0.7430484125346433
1.627451907805077,1,-0.0979920457133433,2.120205772806097,0,-0.8788694976125764
-0.8701385113566638,0,0.6168913301090588,2.3650924035953773,0,-0.27210895040872995
0.43522054303408053,1,0.4562967972297629,2.4294107531273363,0,0.1279779328249393
1.9126234602342516,1,0.491380764550219,2.4465830521436085,0,-0.8653636783766794
-1.140743729747903,0,-0.29328692843772,1.920781261744228,0,0.05252355466526759
-1.6072539287410086,0,-2.3338484502479977,3.624244967022845,1,-0.17283623301497286
0.23407032533913907,1,-0.5975662763358752,3.1489686425521963,0,-0.05315694981720176
-0.24169259443164814,1,-0.010712964658937762,2.9890297228846237,1,-0.8730590192121344
-2.9627637904892508,0,-0.8937023745847547,4.442813224622045,0,0.595534908762261
0.7399678922121593,0,0.7110864284042538,1.3045207311187832,1,-0.10734709608423376
2.1126037018368393,1,-0.8794202146159734,1.787340435705108,1,-0.05517557918584881
0.16017776799031275,1,-2.208159246511522,2.1839991005741144,0,0.9111369234437192
1.8289915828264602,1,0.8545138250731176,0.6440450881727917,1,0.4798216200887917
1.0980200367485453,1,-0.21427637370954083,3.207875878460811,1,-0.12992699278977704
0.7118540584669615,1,0.02612116141053361,1.5774735717107256,1,0.6731134073159213
-2.3333396026736026,0,-1.7712294505083994,2.1045192004438533,0,0.46985861151031494
-0.867349287536724,0,-0.3433455367561345,2.4001190627792006,0,-0.008940456817402076
2.3877023871548175,1,-0.13034871159151615,1.9831974022628476,0,-0.9106630950505314
0.178659471114805,0,0.08765396501636631,1.0159771784413008,1,-0.05799875425083134
2.5318154376519786,1,0.9254475227065436,2.3182122119413178,0,0.9929027931544323
1.4454041408511045,1,-0.6262408349249233,0.8633177824678873,1,-0.03828987122470662
2.197208835119899,1,-0.21545156899739493,2.0276156405683756,1,-0.7167529151735152
0.23411806330475138,0,1.726082672771249,1.5813054036927412,1,0.20027306352046548
0.8302645467037859,0,-0.13388518442400457,2.5834190815782283,0,0.5957091697228403
2.3050523436582075,1,1.4668213883297723,2.530748664012237,0,-0.09978105890395184
0.6904441971309742,1,-1.7448538589139344,1.7056530522990392,0,-0.36689081377895394
1.9793206496899152,0,-0.16149363370465514,2.623860239434708,0,0.8588303583043562
4.294517268313452,1,1.259397153776001,2.6900999315951117,1,0.18676655149190546
0.5469711112485376,1,0.7203761852004633,2.6507631411029444,0,-0.9564960156813305
1.7056280632657077,0,1.5477298038948613,0.5504033925328884,0,-0.43390302213833154
2.158871317850387,0,-0.35068700559399624,-0.5696727335730745,0,0.227972104094591
2.0927525920550867,1,0.15304884222817075,1.9243279896324963,1,-0.40919719986187375
-2.241168080940114,0,-2.3581241517051703,-0.26306744452496345,1,-0.862911961596377
-1.8810111704820773,0,-1.3977652285449704,2.3028830967736345,0,-0.8182326440706014
1.2602176485191268,1,0.5454681251810531,0.47380828892220905,1,0.3620106199862503
1.9217123783961636,1,-0.6159595483326443,2.4183045989984366,1,0.14896829670887746
1.0094007226183976,0,0.8680385651552013,0.814495047979706,0,0.5176659470232228
0.908858176620482,1,-0.2920179507168835,-0.05193522301245812,0,-0.9858869477865164
1.2332630475115214,0,0.5614667228752493,-0.02143301677555609,1,0.5774546483446052
-0.02808860124369672,1,-0.8364298612460765,2.1840797566716796,0,-0.19990403119752798
-0.08199306224372632,0,-1.0424683579768217,-0.07455937816283464,0,-0.8217964720642768
-0.7922599747158141,0,1.1038573617263938,2.587543681911024,0,0.039216981916744054
2.766979555487991,1,0.5834086700374173,2.2000556833223546,0,0.11693566293124968
0.9040028385236877,1,0.020981296539643757,3.418211936769686,0,0.9074859345279842
0.23191272829057075,0,0.8583010568487034,3.351922396735068,0,0.8811810213893965
0.0837449868625717,1,0.9116425901883995,3.4645263612142263,0,0.55424280742182
3.6699266842497904,1,1.16256458253118,0.8063620489435479,1,-0.24323457525614556
0.4877290189177437,1,-0.3175058775018499,1.5342168250831862,1,0.3012596990611258
1.1400185289802107,1,-0.7374479507143569,2.7804304846442314,0,0.4272643885900871
0.940086075603932,0,0.058508360973464096,1.4815717741827719,0,0.19778091242854456
1.380401309621738,1,0.36533939664019077,2.1226708358986985,0,-0.6434745544348577
2.367571261884035,1,-1.31923758292371,0.64001287501316,0,-0.10870727832479998
0.27414021823645107,1,-2.218093755851849,2.496672720230645,0,-0.22869677149308054
2.7051831734629275,1,0.4184096532420269,2.020626758657267,0,0.6370957538883943
1.9054840185995636,0,1.2432431442480134,0.8937278303926641,0,-0.5662927720432545
-0.2717652864209331,0,0.13738827679151844,3.299930103229128,0,-0.16246018025086695
2.8261359951316196,1,-0.24751032421594918,0.8257851845122186,0,0.6649741818829296
1.5900030760581152,0,0.19548946783875934,2.5723018878512818,0,0.21751792149377303
2.747569994695274,1,0.2230142952856092,3.137076214558726,1,0.29420245255179656
-2.054967150648004,0,-1.0050830315040096,1.9587964006601537,0,0.17551697278107614
2.0089310212050884,1,0.2862229202667064,1.9138608272533222,0,0.45927828017775796
0.00998360571889062,0,1.1993897726898455,3.0469902778087685,0,0.8488999240319173
-1.436191348582304,0,0.41479730942557963,3.3724690492785188,1,0.8266336993969237
-0.9228023644774622,0,-0.1307100672882779,1.9134984701456847,0,0.6888047830415918
-0.034771063341818786,1,0.7691026540996334,1.3401095588246643,0,-0.9089642941506573
-1.412372024192655,0,0.623176476757868,0.8317533086147428,1,-0.10051487390191505
1.987569877943637,1,-1.0145100850427484,1.2955120785911636,1,0.3792935399037678
-0.6653848099917925,0,1.3178288908273135,3.5646122685506274,0,-0.18773487854662418
2.16286222191389,1,0.8376773957403827,0.16767399213316936,0,0.6494458337332067
-0.42634805107066953,0,0.35817211426075335,1.2772560318138964,0,-0.3272272223714494
1.7955974446553056,1,0.4851641261841564,0.559613432371801,1,-0.5263164759278132
-0.9501347070746733,0,0.2424651362898476,1.0005448603991143,0,0.07676095374038017
1.6785855358981294,1,-0.7238754715598279,2.0711042419153385,0,-0.7133915272482514
-0.20774669299136345,0,0.6608736375039787,1.887279071028773,1,-0.20279355914581187
2.876344042390866,1,0.05663847175921917,1.5440653532135629,0,-0.17824817342124244
-1.1149763458944515,0,1.1448120020712582,2.042773956140127,0,-0.5136809962850812
-0.10283530639900074,0,-0.5080966590303417,2.177821122806563,1,-0.9142684110614896
2.31096419696579,1,-0.7498021266934427,0.379326962556906,0,0.14216655114616006
-1.3348033740320122,0,-0.8623407771587751,2.101747638552105,0,-0.384707002626524
-0.636344363842714,0,1.0602115000195484,1.177020342135648,0,0.22461237086021013
2.720114692516373,1,-0.024657932365269697,1.3046657468230327,0,0.5066667379217176
0.26411521544438243,0,-0.5320583093503928,1.3746408353746835,0,-0.35844586669960177
2.322652277825625,1,-1.2514047593427058,0.6777783891709044,1,-0.19482831433545078
4.066555328497688,1,2.5636077977239697,0.10575446822609536,0,0.7640260761960163
-0.07066222540313627,0,0.11093810184670978,1.8294115020300192,0,-0.455852164483876
0.7641162467658684,1,-0.6154108875480909,2.4203102218702366,0,-0.9935338398611793
2.7734044177290818,1,-0.4565471605133881,1.459284443614774,0,-0.4671887745631538
4.577560656512185,1,1.182572402410439,0.5802855836663827,1,-0.22168508781190632
0.29220308547246543,0,-0.2758467321005567,2.314655136789513,0,-0.6505059182288366
2.481702343302831,1,-1.064736606232211,3.2038595356452007,1,0.5889573922143159
-2.033079241183669,0,-0.08064784800381918,1.8607102506826336,1,0.947924725774673
1.9476363356265467,1,1.6436951319972808,3.7136153692586413,1,0.09046587559791841
-0.2696897237725995,0,1.2591169779504212,1.6491477343526284,0,0.5932276540666803
0.92962368636168,1,1.3334894136575466,2.236952631505933,0,-0.8518217442258382
-0.9409804458479281,1,-0.6659995864919881,1.8442318639997957,0,0.6558080701595754
1.294302886566859,1,-1.433150612303807,2.76514708959838,0,0.13913653781428503
0.03766843102726514,0,-0.3723446875925104,2.442676233194544,0,-0.6811711001551157
-1.8500680967078653,0,-0.40882014578579706,2.9049452475983886,0,0.2071342423440672
1.1200450008088172,1,0.009585710825625735,2.144021414042987,1,0.7122055754647716
-1.1696007818972518,0,0.9248308441524173,2.905128119354747,0,-0.13337012645637758
-1.9018658809007025,0,-0.5558800537683903,2.9151182417701538,1,-0.7860965430775848
1.1091805089545403,1,-0.7669478693951968,1.7907173276299941,1,0.5986160928361346
1.28120695214122,0,-1.0906032273708821,1.5565682721883607,1,0.3213267645189002
0.07299478689283984,0,0.7338307005227431,0.07342377381195297,0,-0.5303357437597067
-0.309345925502752,0,0.41381223039531545,3.1266999630774235,1,0.3964003038240873
0.08705266097413433,0,0.8998035068663026,2.2724011985409316,0,0.5782312467482793
0.7687416529504623,1,-1.2797125909356966,1.088722533418507,0,0.4040846491637591
1.585291717236514,1,-0.4766428713771239,2.551681457716943,0,0.5246896228418678
-0.4526171500033849,0,1.290567708506979,3.7333547006415255,0,0.09180887568395013
1.9965234348281398,1,0.40585496159524387,2.588559689239625,0,0.7896899796889683
-0.24952350220454175,0,1.1823517304195401,2.7190243231372544,1,0.08768625992389545
0.4576587774879912,1,0.9656844286316201,3.095725922635484,0,-0.4268717870520735
-0.09781063882701271,0,0.7360863611259599,2.4482803641096846,1,-0.4456709589964092
1.312702012034673,1,-0.610939820803102,3.1167568503467615,0,-0.7909905868989497
0.6601027027763244,1,-0.11331922635148484,1.4286382758606004,1,-0.1761744620919965
-1.8658576358600871,0,0.3180007737406729,1.8200558149968742,0,-0.7510741902704272
1.2713549777354263,0,2.34947751833252,0.4780379612253365,0,0.12206090065180053
1.6779896279029292,1,0.7420441599332045,1.680337974530504,0,0.9906051245041441
1.189819263507469,1,-0.09401680936505345,1.81375976902653,0,0.6690846345560693
1.5152114610100904,1,0.1863120047644017,1.55905889823848,1,-0.31660304688536245
-1.1774604134221391,0,0.4332145106013796,1.7159325242550145,0,-0.6998087733319642
3.4323540239897157,1,-0.192036577980281,0.29257958074793855,0,0.08472429223241673
-2.3132653357258386,0,0.7334977648834171,1.938323373229522,1,0.20828147258921126
1.6065013359760598,1,1.1022053998484103,3.012608096454167,0,0.06603845885062443
2.1744190027737074,1,2.4643761365643835,2.896773367518497,0,0.7256960447599408
2.7816962498169957,1,1.5283843677005409,1.9094307189734143,0,-0.5827208545945461
-0.09585288300207029,0,0.3166682890252238,2.7362559794270105,1,0.9569009998032378
1.4511148962646265,1,-0.6139001415324548,1.7822543612175898,0,0.14237463597020006
-0.30060149117923385,1,-1.2022213711419705,2.6132832187233666,1,0.7523360508929096
-1.2083398911836325,0,1.0004322833109982,2.430807857914501,1,0.011725608685538624
0.5389263327489211,0,1.2351656597552718,1.90414819317643,0,0.32183836392804843
0.3229179295475625,0,1.5013629241262925,0.1859815519918726,0,-0.4064782293748115
2.2234082317827664,1,0.3285632584272939,-0.15789434537663638,1,0.5035761586973844
0.2758890045943537,0,0.0350108431390454,2.555487644485774,0,-0.3142185645463458
2.1321521648625805,1,-0.06248016923051292,1.0122965709016385,0,-0.8022027597138632
0.138291881277528,1,0.8425255783215303,2.7224069110918956,1,-0.4469571447542424
-0.9342126162886619,0,-2.0470083827622583,3.9949975294138182,1,0.233336512254134
-2.22748224234617,0,-1.7295221984387024,2.775980633326924,0,0.8501593476992209
0.08346011956263699,1,-2.469537225327068,1.7786316434822993,1,-0.09410065971458548
0.8699444466698986,1,-0.43460388994345633,2.9775502785862216,1,-0.44308189556083866
1.0358262587530827,0,-0.1166214207453281,3.5816968809499756,0,0.5943861724563317
3.1054334828056134,1,1.2031800312049319,1.9663571364787016,1,-0.47412405881388997
1.1432524717566261,0,0.04995221836799385,3.216783981840627,1,0.6435293200004264
1.9498734375970783,1,0.5360220468076732,2.2603753581673622,0,0.37625447122921996
1.1985494424684395,1,-0.11451915495071141,2.480253748674013,0,0.5954157808321212
2.5414509007169435,1,-0.4863993919256216,0.9370543996665386,0,0.2985263993047256
-0.600836873395866,0,-1.0923548378887808,1.7567795366667425,1,-0.7911848099434775
1.8216080899945497,1,0.25650509398999083,1.2133816054458477,1,0.7288231855548657
0.6458984287747481,1,-0.029346548916042534,1.704962503088975,0,-0.49708553624623764
2.239197946812568,1,-1.055146061965184,1.31606058645693,1,0.5069861635832744
0.32817169244279554,0,-0.5569242355524597,2.7493591902736814,1,0.266725927525032
-0.8132121262350946,0,-1.067564148264393,0.933013195479546,1,-0.8559092865633819
-4.531776396936528,0,-0.8491215638057464,1.2827648506768194,1,0.7343359961933349
2.4912275589160924,1,1.2451430909377628,2.2822618595941804,0,0.8179829474547424
0.6197172460487916,1,0.3768380730024543,1.6473826677056411,0,0.029593056701439746
-0.7486183779181939,0,0.5277676509776008,1.3788673450894875,1,-0.6482990213595992
-2.0580681410001107,0,-0.9477155679534325,3.2028943432042123,0,-0.511830882171739
1.5524659109459527,1,-0.5727207269070264,1.7006965789555197,0,0.7000140192002076
2.781363439706143,1,1.2226295406766663,3.412427400759742,0,-0.21024430881452183
-1.6804573398686344,0,-0.6814265029478168,0.9641359692343852,0,0.3308371690395726
2.2580877460163853,0,-0.6220430652764226,-0.8914674468957999,0,-0.8211049020567895
2.6430038144584325,1,0.6682458909844042,2.0600327743634232,0,0.8349596745654049
0.7968908202407672,0,1.1779753032690405,2.1183008757054584,1,-0.6520538535200899
0.7974208142356983,1,1.235700219019184,3.512181174357457,0,-0.1763361353048134
0.5511619008507124,0,0.22298921082299056,1.0122467641339916,0,0.33097796829566106
1.234011094537921,1,-0.6170508211681304,2.1729436172171077,1,0.34105208390209274
2.240269440225499,0,0.3623161616283664,0.9196238928956608,0,-0.0019090385977742486
1.5011831347366498,0,0.5138390998429814,2.382288214133971,1,-0.31918657741224843
-0.7109174951697399,0,-0.2156302194413424,2.9755825082193015,0,-0.7038243597316018
2.1603910732503517,1,-0.23049646570257012,2.233501804418993,1,-0.8803955808194082
0.5117961462540959,1,0.7650587619037803,1.223217531778845,0,0.6565642866049148
3.563062242158338,1,1.9678089611687886,2.301201368720644,1,0.7917274116693087
0.10890650604619234,1,-1.6729659862015533,3.4543024177777983,0,-0.7834616858462791
0.9483052803713234,1,0.04308445607102018,2.8814411764195804,1,0.16054478758393476
1.049706735635972,1,-1.5772446799159732,1.4173994658044968,0,-0.24021699663839247
0.5830930969476997,0,0.07454517857224172,0.7071429216710785,0,-0.3976110166615283
2.130233493115438,1,-0.3062364045887224,2.0322585459708438,0,0.14599521548263406
1.1778130799638225,1,2.0406811354204106,2.8355993283647187,1,0.553108685764258
0.3464644510203785,1,0.5439479074945067,2.2560851272920286,1,0.2967803953229555
-1.1737526875729731,0,-1.06089799112834,1.2145116306881645,0,0.5624191898459177
0.6399750202146884,0,1.563223618431254,1.1402745621139472,0,0.51370122772209
-2.9852849572275275,0,-1.5408605389907346,2.686857829018672,1,0.44336696181987145
0.21748286828269014,0,0.6976857048191331,1.8990238795175962,0,0.14607299525084216
1.2455305330836925,0,1.8188974890252385,0.7792129301771871,1,0.44016983867975146
-1.3872078820784601,0,0.4074164628139649,1.216402477223294,1,0.7345705517794268
2.550297916368611,1,0.7313299456200703,2.521293195560917,0,-0.2635723118360669
-1.5624256410498503,0,0.5527210154533972,2.4054301823008846,0,0.22760847797761818
-2.6095186589992982,0,-0.11198563218415854,1.5165085571139798,0,-0.8951834087143165
-0.006115214758325438,1,0.31218482828579025,2.489928107608315,0,-0.8126757602246637
-2.5946428843477403,0,-1.4735241490232351,1.6733415380496963,0,-0.12217310024570183
0.1624273608364793,0,0.6005008753244364,0.8025931124583725,0,0.3914622433932504
2.317500470482158,1,-0.6590689019022733,2.900623421500168,0,0.7953065362055411
0.6550990139184616,0,0.880500103165514,1.7155221743499929,0,-0.7746343054879676
0.8564501481414937,0,-0.28837765686933786,1.5488876009071406,1,0.4015292975353675
1.5821112504137225,1,-0.07104357173402291,3.8611827391349993,0,0.39188503674501995
-2.232327003674344,0,-0.180547141901866,3.2164104470133346,0,0.7933678151554635
-1.8525959796343947,0,-0.7780471712864202,2.3273233131726787,0,0.1834344284816476
0.08304648919391137,0,0.5643893129106333,0.612829807813345,0,0.31935965770435937
1.3002574427903968,1,-0.22536323081692217,2.8321352232473322,0,-0.9222116859946512
0.40827692635191626,1,-1.0114095605207143,1.986520019472041,1,-0.39581013462204817
-1.5617817114799728,0,-0.4285597611185235,1.4418998394879734,1,0.36484395580173934
0.06549677640895157,1,-0.15097742929295824,0.1559656579953903,0,0.37375695601150705
1.457462095242538,1,0.42721406347858587,3.7998056909726694,1,-0.2685452346958319
2.366401604822152,1,0.2289273301793542,0.6697907650190902,0,-0.2064221838828706
2.4058839740015063,1,-0.4424971311847918,3.4235859790779744,0,-0.2983150560869392
0.6943497039398941,1,0.3015405639176712,2.125237493973276,0,0.25591143487805645
2.5652408713542663,1,2.2613307016736544,0.9468400982826104,0,0.8915675815816304
-1.9726926816180854,0,-0.25252152447519916,2.59665686782514,0,0.49935654489606907
-2.1200914210229826,0,-2.8057564885396222,1.1683849589854274,0,-0.23435285769330116
-0.18542581547719983,0,-1.129307690449805,1.127951361167336,0,0.18035597107175572
1.510364160387063,1,-0.6428929870594536,1.8500815453675374,1,-0.0860894298567616
2.6645545747720916,1,1.1946994850582215,1.6336998688832092,1,0.9605901954985006
0.30052314084081533,0,1.2353456841093076,1.0475040850283284,0,0.5382611341474808
0.5546184725753075,1,-0.4809344222543422,2.0643799611914933,0,-0.8326928984889053
0.25256634635343683,0,0.22958101464648406,2.4962546674743846,1,0.2903731882523317
-1.7498996040422654,0,-0.09912338317140491,3.007594556842281,1,0.6081635136550774
-0.27013290151160074,0,-1.2467258141034618,1.0902043053134407,0,0.2448731520154761
-0.8058168542588484,0,0.09042777453356124,1.7216039045110305,1,0.6078613979664729
2.2452612710553486,1,0.37065783828201754,0.6721291380498602,1,0.9758403332185266
-2.4133843563676036,0,-1.0632675690470195,3.2379982025632694,1,0.5292999308192654
-0.5462613981363404,1,0.2391157706095435,3.218879539536575,0,-0.15234331537084644
